Months,Measure Names,Months,Daily Volatility,Avg. Price,Max. Price,Measure Values,Min. Price
1/1/1987,Max. Price,1/1/1987,,$18.7,$19.1,19.14,$18.0
1/1/1987,Avg. Price,1/1/1987,,$18.7,$19.1,18.666666667,$18.0
1/1/1987,Min. Price,1/1/1987,,$18.7,$19.1,17.95,$18.0
2/1/1987,Max. Price,2/1/1987,,$17.8,$18.6,18.58,$16.4
2/1/1987,Avg. Price,2/1/1987,,$17.8,$18.6,17.82,$16.4
2/1/1987,Min. Price,2/1/1987,,$17.8,$18.6,16.4,$16.4
3/1/1987,Max. Price,3/1/1987,,$18.3,$18.9,18.87,$16.4
3/1/1987,Avg. Price,3/1/1987,,$18.3,$18.9,18.301818182,$16.4
3/1/1987,Min. Price,3/1/1987,,$18.3,$18.9,16.39,$16.4
4/1/1987,Max. Price,4/1/1987,,$18.7,$19.0,19.03,$18.0
4/1/1987,Avg. Price,4/1/1987,,$18.7,$19.0,18.655714286,$18.0
4/1/1987,Min. Price,4/1/1987,,$18.7,$19.0,17.98,$18.0
5/1/1987,Max. Price,5/1/1987,,$19.4,$19.9,19.89,$18.8
5/1/1987,Avg. Price,5/1/1987,,$19.4,$19.9,19.376,$18.8
5/1/1987,Min. Price,5/1/1987,,$19.4,$19.9,18.83,$18.8
6/1/1987,Max. Price,6/1/1987,,$20.0,$20.7,20.66,$19.4
6/1/1987,Avg. Price,6/1/1987,,$20.0,$20.7,19.994545455,$19.4
6/1/1987,Min. Price,6/1/1987,,$20.0,$20.7,19.4,$19.4
7/1/1987,Max. Price,7/1/1987,,$21.3,$22.4,22.39,$20.5
7/1/1987,Avg. Price,7/1/1987,,$21.3,$22.4,21.331363636,$20.5
7/1/1987,Min. Price,7/1/1987,,$21.3,$22.4,20.48,$20.5
8/1/1987,Max. Price,8/1/1987,,$20.2,$22.2,22.16,$18.6
8/1/1987,Avg. Price,8/1/1987,,$20.2,$22.2,20.225714286,$18.6
8/1/1987,Min. Price,8/1/1987,,$20.2,$22.2,18.6,$18.6
9/1/1987,Max. Price,9/1/1987,,$19.5,$19.7,19.73,$18.9
9/1/1987,Avg. Price,9/1/1987,,$19.5,$19.7,19.522857143,$18.9
9/1/1987,Min. Price,9/1/1987,,$19.5,$19.7,18.94,$18.9
10/1/1987,Max. Price,10/1/1987,,$19.9,$20.2,20.22,$19.4
10/1/1987,Avg. Price,10/1/1987,,$19.9,$20.2,19.862727273,$19.4
10/1/1987,Min. Price,10/1/1987,,$19.9,$20.2,19.44,$19.4
11/1/1987,Max. Price,11/1/1987,,$18.8,$19.6,19.62,$18.4
11/1/1987,Avg. Price,11/1/1987,,$18.8,$19.6,18.846315789,$18.4
11/1/1987,Min. Price,11/1/1987,,$18.8,$19.6,18.4,$18.4
12/1/1987,Max. Price,12/1/1987,,$17.3,$18.9,18.87,$15.2
12/1/1987,Avg. Price,12/1/1987,,$17.3,$18.9,17.256818182,$15.2
12/1/1987,Min. Price,12/1/1987,,$17.3,$18.9,15.16,$15.2
1/1/1988,Max. Price,1/1/1988,,$17.2,$17.9,17.85,$16.6
1/1/1988,Avg. Price,1/1/1988,,$17.2,$17.9,17.1525,$16.6
1/1/1988,Min. Price,1/1/1988,,$17.2,$17.9,16.59,$16.6
2/1/1988,Max. Price,2/1/1988,,$16.8,$17.7,17.66,$15.8
2/1/1988,Avg. Price,2/1/1988,,$16.8,$17.7,16.7615,$15.8
2/1/1988,Min. Price,2/1/1988,,$16.8,$17.7,15.78,$15.8
3/1/1988,Max. Price,3/1/1988,,$16.2,$17.1,17.1,$15.4
3/1/1988,Avg. Price,3/1/1988,,$16.2,$17.1,16.178695652,$15.4
3/1/1988,Min. Price,3/1/1988,,$16.2,$17.1,15.37,$15.4
4/1/1988,Max. Price,4/1/1988,,$17.8,$18.6,18.6,$16.8
4/1/1988,Avg. Price,4/1/1988,,$17.8,$18.6,17.8445,$16.8
4/1/1988,Min. Price,4/1/1988,,$17.8,$18.6,16.79,$16.8
5/1/1988,Max. Price,5/1/1988,,$17.4,$17.8,17.76,$17.1
5/1/1988,Avg. Price,5/1/1988,,$17.4,$17.8,17.437619048,$17.1
5/1/1988,Min. Price,5/1/1988,,$17.4,$17.8,17.14,$17.1
6/1/1988,Max. Price,6/1/1988,,$16.5,$17.7,17.65,$15.2
6/1/1988,Avg. Price,6/1/1988,,$16.5,$17.7,16.535454545,$15.2
6/1/1988,Min. Price,6/1/1988,,$16.5,$17.7,15.16,$15.2
7/1/1988,Max. Price,7/1/1988,,$15.5,$16.4,16.38,$14.4
7/1/1988,Avg. Price,7/1/1988,,$15.5,$16.4,15.475,$14.4
7/1/1988,Min. Price,7/1/1988,,$15.5,$16.4,14.44,$14.4
8/1/1988,Max. Price,8/1/1988,,$15.5,$16.1,16.08,$15.0
8/1/1988,Avg. Price,8/1/1988,,$15.5,$16.1,15.529130435,$15.0
8/1/1988,Min. Price,8/1/1988,,$15.5,$16.1,15.03,$15.0
9/1/1988,Max. Price,9/1/1988,,$14.5,$15.4,15.4,$13.4
9/1/1988,Avg. Price,9/1/1988,,$14.5,$15.4,14.486190476,$13.4
9/1/1988,Min. Price,9/1/1988,,$14.5,$15.4,13.37,$13.4
10/1/1988,Max. Price,10/1/1988,,$13.8,$15.4,15.4,$12.6
10/1/1988,Avg. Price,10/1/1988,,$13.8,$15.4,13.813809524,$12.6
10/1/1988,Min. Price,10/1/1988,,$13.8,$15.4,12.6,$12.6
11/1/1988,Max. Price,11/1/1988,,$14.0,$15.3,15.32,$13.0
11/1/1988,Avg. Price,11/1/1988,,$14.0,$15.3,13.9795,$13.0
11/1/1988,Min. Price,11/1/1988,,$14.0,$15.3,12.98,$13.0
12/1/1988,Max. Price,12/1/1988,,$16.3,$17.7,17.73,$15.3
12/1/1988,Avg. Price,12/1/1988,,$16.3,$17.7,16.282857143,$15.3
12/1/1988,Min. Price,12/1/1988,,$16.3,$17.7,15.34,$15.3
1/1/1989,Max. Price,1/1/1989,,$18.1,$19.3,19.28,$17.0
1/1/1989,Avg. Price,1/1/1989,,$18.1,$19.3,18.054285714,$17.0
1/1/1989,Min. Price,1/1/1989,,$18.1,$19.3,17.03,$17.0
2/1/1989,Max. Price,2/1/1989,,$17.9,$18.6,18.59,$17.1
2/1/1989,Avg. Price,2/1/1989,,$17.9,$18.6,17.861052632,$17.1
2/1/1989,Min. Price,2/1/1989,,$17.9,$18.6,17.11,$17.1
3/1/1989,Max. Price,3/1/1989,,$19.4,$20.8,20.81,$18.3
3/1/1989,Avg. Price,3/1/1989,,$19.4,$20.8,19.418181818,$18.3
3/1/1989,Min. Price,3/1/1989,,$19.4,$20.8,18.28,$18.3
4/1/1989,Max. Price,4/1/1989,,$21.1,$24.7,24.65,$19.8
4/1/1989,Avg. Price,4/1/1989,,$21.1,$24.7,21.1105,$19.8
4/1/1989,Min. Price,4/1/1989,,$21.1,$24.7,19.8,$19.8
5/1/1989,Max. Price,5/1/1989,,$20.1,$20.9,20.93,$19.4
5/1/1989,Avg. Price,5/1/1989,,$20.1,$20.9,20.115454545,$19.4
5/1/1989,Min. Price,5/1/1989,,$20.1,$20.9,19.44,$19.4
6/1/1989,Max. Price,6/1/1989,,$20.0,$20.9,20.86,$19.3
6/1/1989,Avg. Price,6/1/1989,,$20.0,$20.9,20.002272727,$19.3
6/1/1989,Min. Price,6/1/1989,,$20.0,$20.9,19.26,$19.3
7/1/1989,Max. Price,7/1/1989,,$19.7,$20.8,20.79,$17.9
7/1/1989,Avg. Price,7/1/1989,,$19.7,$20.8,19.66,$17.9
7/1/1989,Min. Price,7/1/1989,,$19.7,$20.8,17.93,$17.9
8/1/1989,Max. Price,8/1/1989,,$18.5,$19.1,19.08,$17.9
8/1/1989,Avg. Price,8/1/1989,,$18.5,$19.1,18.547391304,$17.9
8/1/1989,Min. Price,8/1/1989,,$18.5,$19.1,17.91,$17.9
9/1/1989,Max. Price,9/1/1989,,$19.6,$20.1,20.13,$18.9
9/1/1989,Avg. Price,9/1/1989,,$19.6,$20.1,19.5955,$18.9
9/1/1989,Min. Price,9/1/1989,,$19.6,$20.1,18.85,$18.9
10/1/1989,Max. Price,10/1/1989,,$20.1,$20.9,20.89,$19.4
10/1/1989,Avg. Price,10/1/1989,,$20.1,$20.9,20.106818182,$19.4
10/1/1989,Min. Price,10/1/1989,,$20.1,$20.9,19.38,$19.4
11/1/1989,Max. Price,11/1/1989,,$19.8,$20.2,20.21,$19.3
11/1/1989,Avg. Price,11/1/1989,,$19.8,$20.2,19.829047619,$19.3
11/1/1989,Min. Price,11/1/1989,,$19.8,$20.2,19.25,$19.3
12/1/1989,Max. Price,12/1/1989,,$21.1,$22.3,22.33,$20.3
12/1/1989,Avg. Price,12/1/1989,,$21.1,$22.3,21.09,$20.3
12/1/1989,Min. Price,12/1/1989,,$21.1,$22.3,20.25,$20.3
1/1/1990,Max. Price,1/1/1990,,$22.6,$23.7,23.68,$21.6
1/1/1990,Avg. Price,1/1/1990,,$22.6,$23.7,22.639545455,$21.6
1/1/1990,Min. Price,1/1/1990,,$22.6,$23.7,21.59,$21.6
2/1/1990,Max. Price,2/1/1990,,$22.1,$23.0,23.02,$21.4
2/1/1990,Avg. Price,2/1/1990,,$22.1,$23.0,22.107368421,$21.4
2/1/1990,Min. Price,2/1/1990,,$22.1,$23.0,21.42,$21.4
3/1/1990,Max. Price,3/1/1990,,$20.4,$21.6,21.58,$19.3
3/1/1990,Avg. Price,3/1/1990,,$20.4,$21.6,20.411818182,$19.3
3/1/1990,Min. Price,3/1/1990,,$20.4,$21.6,19.28,$19.3
4/1/1990,Max. Price,4/1/1990,,$18.6,$20.5,20.48,$17.0
4/1/1990,Avg. Price,4/1/1990,,$18.6,$20.5,18.582,$17.0
4/1/1990,Min. Price,4/1/1990,,$18.6,$20.5,16.96,$17.0
5/1/1990,Max. Price,5/1/1990,,$18.4,$19.7,19.71,$17.4
5/1/1990,Avg. Price,5/1/1990,,$18.4,$19.7,18.438181818,$17.4
5/1/1990,Min. Price,5/1/1990,,$18.4,$19.7,17.4,$17.4
6/1/1990,Max. Price,6/1/1990,,$16.9,$17.6,17.58,$15.3
6/1/1990,Avg. Price,6/1/1990,,$16.9,$17.6,16.862857143,$15.3
6/1/1990,Min. Price,6/1/1990,,$16.9,$17.6,15.3,$15.3
7/1/1990,Max. Price,7/1/1990,,$18.6,$20.7,20.69,$16.5
7/1/1990,Avg. Price,7/1/1990,,$18.6,$20.7,18.640476190,$16.5
7/1/1990,Min. Price,7/1/1990,,$18.6,$20.7,16.47,$16.5
8/1/1990,Max. Price,8/1/1990,,$27.2,$31.9,31.93,$21.5
8/1/1990,Avg. Price,8/1/1990,,$27.2,$31.9,27.166521739,$21.5
8/1/1990,Min. Price,8/1/1990,,$27.2,$31.9,21.54,$21.5
9/1/1990,Max. Price,9/1/1990,,$33.7,$39.5,39.54,$29.1
9/1/1990,Avg. Price,9/1/1990,,$33.7,$39.5,33.688421053,$29.1
9/1/1990,Min. Price,9/1/1990,,$33.7,$39.5,29.12,$29.1
10/1/1990,Max. Price,10/1/1990,,$35.9,$40.4,40.42,$28.4
10/1/1990,Avg. Price,10/1/1990,,$35.9,$40.4,35.918260870,$28.4
10/1/1990,Min. Price,10/1/1990,,$35.9,$40.4,28.38,$28.4
11/1/1990,Max. Price,11/1/1990,,$32.4,$35.5,35.53,$28.9
11/1/1990,Avg. Price,11/1/1990,,$32.4,$35.5,32.424761905,$28.9
11/1/1990,Min. Price,11/1/1990,,$32.4,$35.5,28.85,$28.9
12/1/1990,Max. Price,12/1/1990,,$27.2,$30.7,30.66,$25.4
12/1/1990,Avg. Price,12/1/1990,,$27.2,$30.7,27.163157895,$25.4
12/1/1990,Min. Price,12/1/1990,,$27.2,$30.7,25.35,$25.4
1/1/1991,Max. Price,1/1/1991,,$24.7,$32.0,32,$19.3
1/1/1991,Avg. Price,1/1/1991,,$24.7,$32.0,24.699545455,$19.3
1/1/1991,Min. Price,1/1/1991,,$24.7,$32.0,19.25,$19.3
2/1/1991,Max. Price,2/1/1991,,$20.5,$22.9,22.93,$17.9
2/1/1991,Avg. Price,2/1/1991,,$20.5,$22.9,20.537894737,$17.9
2/1/1991,Min. Price,2/1/1991,,$20.5,$22.9,17.91,$17.9
3/1/1991,Max. Price,3/1/1991,,$19.9,$20.6,20.61,$19.0
3/1/1991,Avg. Price,3/1/1991,,$19.9,$20.6,19.884,$19.0
3/1/1991,Min. Price,3/1/1991,,$19.9,$20.6,18.99,$19.0
4/1/1991,Max. Price,4/1/1991,,$20.8,$21.9,21.91,$19.3
4/1/1991,Avg. Price,4/1/1991,,$20.8,$21.9,20.815909091,$19.3
4/1/1991,Min. Price,4/1/1991,,$20.8,$21.9,19.29,$19.3
5/1/1991,Max. Price,5/1/1991,,$21.2,$21.9,21.93,$20.7
5/1/1991,Avg. Price,5/1/1991,,$21.2,$21.9,21.246363636,$20.7
5/1/1991,Min. Price,5/1/1991,,$21.2,$21.9,20.74,$20.7
6/1/1991,Max. Price,6/1/1991,,$20.2,$21.1,21.13,$19.7
6/1/1991,Avg. Price,6/1/1991,,$20.2,$21.1,20.2025,$19.7
6/1/1991,Min. Price,6/1/1991,,$20.2,$21.1,19.67,$19.7
7/1/1991,Max. Price,7/1/1991,,$21.4,$22.2,22.16,$20.7
7/1/1991,Avg. Price,7/1/1991,,$21.4,$22.2,21.428181818,$20.7
7/1/1991,Min. Price,7/1/1991,,$21.4,$22.2,20.67,$20.7
8/1/1991,Max. Price,8/1/1991,,$21.7,$22.5,22.47,$21.3
8/1/1991,Avg. Price,8/1/1991,,$21.7,$22.5,21.682272727,$21.3
8/1/1991,Min. Price,8/1/1991,,$21.7,$22.5,21.27,$21.3
9/1/1991,Max. Price,9/1/1991,,$21.9,$22.3,22.32,$21.3
9/1/1991,Avg. Price,9/1/1991,,$21.9,$22.3,21.857,$21.3
9/1/1991,Min. Price,9/1/1991,,$21.9,$22.3,21.33,$21.3
10/1/1991,Max. Price,10/1/1991,,$23.2,$24.1,24.14,$22.2
10/1/1991,Avg. Price,10/1/1991,,$23.2,$24.1,23.229565217,$22.2
10/1/1991,Min. Price,10/1/1991,,$23.2,$24.1,22.22,$22.2
11/1/1991,Max. Price,11/1/1991,,$22.4,$23.8,23.82,$21.0
11/1/1991,Avg. Price,11/1/1991,,$22.4,$23.8,22.4315,$21.0
11/1/1991,Min. Price,11/1/1991,,$22.4,$23.8,21.02,$21.0
12/1/1991,Max. Price,12/1/1991,,$19.5,$21.1,21.08,$18.5
12/1/1991,Avg. Price,12/1/1991,,$19.5,$21.1,19.531428571,$18.5
12/1/1991,Min. Price,12/1/1991,,$19.5,$21.1,18.5,$18.5
1/1/1992,Max. Price,1/1/1992,,$18.8,$19.5,19.49,$17.9
1/1/1992,Avg. Price,1/1/1992,,$18.8,$19.5,18.82,$17.9
1/1/1992,Min. Price,1/1/1992,,$18.8,$19.5,17.86,$17.9
2/1/1992,Max. Price,2/1/1992,,$19.0,$19.9,19.87,$18.1
2/1/1992,Avg. Price,2/1/1992,,$19.0,$19.9,19.005263158,$18.1
2/1/1992,Min. Price,2/1/1992,,$19.0,$19.9,18.12,$18.1
3/1/1992,Max. Price,3/1/1992,,$18.9,$19.4,19.44,$18.3
3/1/1992,Avg. Price,3/1/1992,,$18.9,$19.4,18.948181818,$18.3
3/1/1992,Min. Price,3/1/1992,,$18.9,$19.4,18.34,$18.3
4/1/1992,Max. Price,4/1/1992,,$20.3,$20.9,20.85,$19.8
4/1/1992,Avg. Price,4/1/1992,,$20.3,$20.9,20.256666667,$19.8
4/1/1992,Min. Price,4/1/1992,,$20.3,$20.9,19.8,$19.8
5/1/1992,Max. Price,5/1/1992,,$21.0,$22.1,22.11,$20.1
5/1/1992,Avg. Price,5/1/1992,,$21.0,$22.1,20.9965,$20.1
5/1/1992,Min. Price,5/1/1992,,$21.0,$22.1,20.12,$20.1
6/1/1992,Max. Price,6/1/1992,,$22.4,$22.9,22.89,$21.6
6/1/1992,Avg. Price,6/1/1992,,$22.4,$22.9,22.358181818,$21.6
6/1/1992,Min. Price,6/1/1992,,$22.4,$22.9,21.6,$21.6
7/1/1992,Max. Price,7/1/1992,,$21.7,$22.1,22.1,$21.3
7/1/1992,Avg. Price,7/1/1992,,$21.7,$22.1,21.744545455,$21.3
7/1/1992,Min. Price,7/1/1992,,$21.7,$22.1,21.28,$21.3
8/1/1992,Max. Price,8/1/1992,,$21.3,$21.6,21.58,$20.9
8/1/1992,Avg. Price,8/1/1992,,$21.3,$21.6,21.286666667,$20.9
8/1/1992,Min. Price,8/1/1992,,$21.3,$21.6,20.91,$20.9
9/1/1992,Max. Price,9/1/1992,,$21.9,$22.4,22.39,$21.6
9/1/1992,Avg. Price,9/1/1992,,$21.9,$22.4,21.915714286,$21.6
9/1/1992,Min. Price,9/1/1992,,$21.9,$22.4,21.64,$21.6
10/1/1992,Max. Price,10/1/1992,,$21.7,$22.4,22.37,$20.6
10/1/1992,Avg. Price,10/1/1992,,$21.7,$22.4,21.706818182,$20.6
10/1/1992,Min. Price,10/1/1992,,$21.7,$22.4,20.62,$20.6
11/1/1992,Max. Price,11/1/1992,,$20.4,$20.8,20.77,$19.9
11/1/1992,Avg. Price,11/1/1992,,$20.4,$20.8,20.364736842,$19.9
11/1/1992,Min. Price,11/1/1992,,$20.4,$20.8,19.89,$19.9
12/1/1992,Max. Price,12/1/1992,,$19.4,$20.0,19.95,$18.8
12/1/1992,Avg. Price,12/1/1992,,$19.4,$20.0,19.398095238,$18.8
12/1/1992,Min. Price,12/1/1992,,$19.4,$20.0,18.84,$18.8
1/1/1993,Max. Price,1/1/1993,,$19.1,$20.4,20.41,$18.3
1/1/1993,Avg. Price,1/1/1993,,$19.1,$20.4,19.0725,$18.3
1/1/1993,Min. Price,1/1/1993,,$19.1,$20.4,18.33,$18.3
2/1/1993,Max. Price,2/1/1993,,$20.1,$20.6,20.61,$19.3
2/1/1993,Avg. Price,2/1/1993,,$20.1,$20.6,20.075789474,$19.3
2/1/1993,Min. Price,2/1/1993,,$20.1,$20.6,19.33,$19.3
3/1/1993,Max. Price,3/1/1993,,$20.3,$21.1,21.07,$19.5
3/1/1993,Avg. Price,3/1/1993,,$20.3,$21.1,20.345454545,$19.5
3/1/1993,Min. Price,3/1/1993,,$20.3,$21.1,19.52,$19.5
4/1/1993,Max. Price,4/1/1993,,$20.3,$20.7,20.65,$19.8
4/1/1993,Avg. Price,4/1/1993,,$20.3,$20.7,20.325238095,$19.8
4/1/1993,Min. Price,4/1/1993,,$20.3,$20.7,19.84,$19.8
5/1/1993,Max. Price,5/1/1993,,$20.0,$20.6,20.57,$19.2
5/1/1993,Avg. Price,5/1/1993,,$20.0,$20.6,19.979,$19.2
5/1/1993,Min. Price,5/1/1993,,$20.0,$20.6,19.15,$19.2
6/1/1993,Max. Price,6/1/1993,,$19.1,$20.2,20.24,$18.4
6/1/1993,Avg. Price,6/1/1993,,$19.1,$20.2,19.133636364,$18.4
6/1/1993,Min. Price,6/1/1993,,$19.1,$20.2,18.42,$18.4
7/1/1993,Max. Price,7/1/1993,,$17.9,$18.5,18.45,$17.1
7/1/1993,Avg. Price,7/1/1993,,$17.9,$18.5,17.895714286,$17.1
7/1/1993,Min. Price,7/1/1993,,$17.9,$18.5,17.09,$17.1
8/1/1993,Max. Price,8/1/1993,,$18.0,$18.8,18.8,$17.3
8/1/1993,Avg. Price,8/1/1993,,$18.0,$18.8,18.013181818,$17.3
8/1/1993,Min. Price,8/1/1993,,$18.0,$18.8,17.27,$17.3
9/1/1993,Max. Price,9/1/1993,,$17.5,$18.8,18.79,$16.8
9/1/1993,Avg. Price,9/1/1993,,$17.5,$18.8,17.520476190,$16.8
9/1/1993,Min. Price,9/1/1993,,$17.5,$18.8,16.76,$16.8
10/1/1993,Max. Price,10/1/1993,,$18.2,$18.8,18.77,$16.9
10/1/1993,Avg. Price,10/1/1993,,$18.2,$18.8,18.172857143,$16.9
10/1/1993,Min. Price,10/1/1993,,$18.2,$18.8,16.92,$16.9
11/1/1993,Max. Price,11/1/1993,,$16.7,$17.5,17.49,$15.3
11/1/1993,Avg. Price,11/1/1993,,$16.7,$17.5,16.737,$15.3
11/1/1993,Min. Price,11/1/1993,,$16.7,$17.5,15.31,$15.3
12/1/1993,Max. Price,12/1/1993,,$14.5,$15.5,15.48,$13.9
12/1/1993,Avg. Price,12/1/1993,,$14.5,$15.5,14.532857143,$13.9
12/1/1993,Min. Price,12/1/1993,,$14.5,$15.5,13.91,$13.9
1/1/1994,Max. Price,1/1/1994,,$15.0,$15.5,15.47,$14.3
1/1/1994,Avg. Price,1/1/1994,,$15.0,$15.5,15.020952381,$14.3
1/1/1994,Min. Price,1/1/1994,,$15.0,$15.5,14.33,$14.3
2/1/1994,Max. Price,2/1/1994,,$14.8,$16.0,16.04,$13.9
2/1/1994,Avg. Price,2/1/1994,,$14.8,$16.0,14.781578947,$13.9
2/1/1994,Min. Price,2/1/1994,,$14.8,$16.0,13.93,$13.9
3/1/1994,Max. Price,3/1/1994,,$14.7,$15.4,15.37,$14.1
3/1/1994,Avg. Price,3/1/1994,,$14.7,$15.4,14.653913043,$14.1
3/1/1994,Min. Price,3/1/1994,,$14.7,$15.4,14.08,$14.1
4/1/1994,Max. Price,4/1/1994,,$16.3,$17.2,17.24,$15.6
4/1/1994,Avg. Price,4/1/1994,,$16.3,$17.2,16.326315789,$15.6
4/1/1994,Min. Price,4/1/1994,,$16.3,$17.2,15.57,$15.6
5/1/1994,Max. Price,5/1/1994,,$17.8,$18.9,18.92,$16.9
5/1/1994,Avg. Price,5/1/1994,,$17.8,$18.9,17.826190476,$16.9
5/1/1994,Min. Price,5/1/1994,,$17.8,$18.9,16.86,$16.9
6/1/1994,Max. Price,6/1/1994,,$19.1,$20.8,20.75,$17.8
6/1/1994,Avg. Price,6/1/1994,,$19.1,$20.8,19.068636364,$17.8
6/1/1994,Min. Price,6/1/1994,,$19.1,$20.8,17.75,$17.8
7/1/1994,Max. Price,7/1/1994,,$19.7,$20.4,20.43,$19.1
7/1/1994,Avg. Price,7/1/1994,,$19.7,$20.4,19.657,$19.1
7/1/1994,Min. Price,7/1/1994,,$19.7,$20.4,19.12,$19.1
8/1/1994,Max. Price,8/1/1994,,$18.4,$20.6,20.55,$16.9
8/1/1994,Avg. Price,8/1/1994,,$18.4,$20.6,18.379130435,$16.9
8/1/1994,Min. Price,8/1/1994,,$18.4,$20.6,16.87,$16.9
9/1/1994,Max. Price,9/1/1994,,$17.5,$18.4,18.39,$16.7
9/1/1994,Avg. Price,9/1/1994,,$17.5,$18.4,17.467142857,$16.7
9/1/1994,Min. Price,9/1/1994,,$17.5,$18.4,16.7,$16.7
10/1/1994,Max. Price,10/1/1994,,$17.7,$18.3,18.26,$17.0
10/1/1994,Avg. Price,10/1/1994,,$17.7,$18.3,17.711428571,$17.0
10/1/1994,Min. Price,10/1/1994,,$17.7,$18.3,16.97,$17.0
11/1/1994,Max. Price,11/1/1994,,$18.1,$18.9,18.93,$17.4
11/1/1994,Avg. Price,11/1/1994,,$18.1,$18.9,18.096,$17.4
11/1/1994,Min. Price,11/1/1994,,$18.1,$18.9,17.37,$17.4
12/1/1994,Max. Price,12/1/1994,,$17.2,$17.8,17.82,$16.7
12/1/1994,Avg. Price,12/1/1994,,$17.2,$17.8,17.156190476,$16.7
12/1/1994,Min. Price,12/1/1994,,$17.2,$17.8,16.73,$16.7
1/1/1995,Max. Price,1/1/1995,,$18.0,$18.7,18.73,$17.4
1/1/1995,Avg. Price,1/1/1995,,$18.0,$18.7,17.993333333,$17.4
1/1/1995,Min. Price,1/1/1995,,$18.0,$18.7,17.37,$17.4
2/1/1995,Max. Price,2/1/1995,,$18.5,$18.9,18.91,$18.2
2/1/1995,Avg. Price,2/1/1995,,$18.5,$18.9,18.534736842,$18.2
2/1/1995,Min. Price,2/1/1995,,$18.5,$18.9,18.24,$18.2
3/1/1995,Max. Price,3/1/1995,,$18.6,$19.2,19.22,$17.9
3/1/1995,Avg. Price,3/1/1995,,$18.6,$19.2,18.554347826,$17.9
3/1/1995,Min. Price,3/1/1995,,$18.6,$19.2,17.91,$17.9
4/1/1995,Max. Price,4/1/1995,,$19.9,$20.5,20.52,$19.0
4/1/1995,Avg. Price,4/1/1995,,$19.9,$20.5,19.887894737,$19.0
4/1/1995,Min. Price,4/1/1995,,$19.9,$20.5,19.03,$19.0
5/1/1995,Max. Price,5/1/1995,,$19.7,$20.5,20.5,$18.7
5/1/1995,Avg. Price,5/1/1995,,$19.7,$20.5,19.740454545,$18.7
5/1/1995,Min. Price,5/1/1995,,$19.7,$20.5,18.69,$18.7
6/1/1995,Max. Price,6/1/1995,,$18.4,$19.3,19.25,$17.4
6/1/1995,Avg. Price,6/1/1995,,$18.4,$19.3,18.400454545,$17.4
6/1/1995,Min. Price,6/1/1995,,$18.4,$19.3,17.4,$17.4
7/1/1995,Max. Price,7/1/1995,,$17.3,$17.6,17.56,$16.8
7/1/1995,Avg. Price,7/1/1995,,$17.3,$17.6,17.256842105,$16.8
7/1/1995,Min. Price,7/1/1995,,$17.3,$17.6,16.79,$16.8
8/1/1995,Max. Price,8/1/1995,,$17.8,$18.5,18.54,$17.5
8/1/1995,Avg. Price,8/1/1995,,$17.8,$18.5,17.812608696,$17.5
8/1/1995,Min. Price,8/1/1995,,$17.8,$18.5,17.47,$17.5
9/1/1995,Max. Price,9/1/1995,,$18.2,$19.0,18.95,$17.3
9/1/1995,Avg. Price,9/1/1995,,$18.2,$19.0,18.208,$17.3
9/1/1995,Min. Price,9/1/1995,,$18.2,$19.0,17.25,$17.3
10/1/1995,Max. Price,10/1/1995,,$17.4,$17.7,17.68,$16.9
10/1/1995,Avg. Price,10/1/1995,,$17.4,$17.7,17.397727273,$16.9
10/1/1995,Min. Price,10/1/1995,,$17.4,$17.7,16.87,$16.9
11/1/1995,Max. Price,11/1/1995,,$18.0,$18.6,18.57,$17.7
11/1/1995,Avg. Price,11/1/1995,,$18.0,$18.6,17.998,$17.7
11/1/1995,Min. Price,11/1/1995,,$18.0,$18.6,17.65,$17.7
12/1/1995,Max. Price,12/1/1995,,$19.0,$19.7,19.67,$18.4
12/1/1995,Avg. Price,12/1/1995,,$19.0,$19.7,19.0375,$18.4
12/1/1995,Min. Price,12/1/1995,,$19.0,$19.7,18.43,$18.4
1/1/1996,Max. Price,1/1/1996,,$18.7,$20.3,20.26,$17.5
1/1/1996,Avg. Price,1/1/1996,,$18.7,$20.3,18.700476190,$17.5
1/1/1996,Min. Price,1/1/1996,,$18.7,$20.3,17.45,$17.5
2/1/1996,Max. Price,2/1/1996,,$18.8,$21.1,21.05,$17.5
2/1/1996,Avg. Price,2/1/1996,,$18.8,$21.1,18.7825,$17.5
2/1/1996,Min. Price,2/1/1996,,$18.8,$21.1,17.54,$17.5
3/1/1996,Max. Price,3/1/1996,,$21.2,$24.3,24.34,$19.2
3/1/1996,Avg. Price,3/1/1996,,$21.2,$24.3,21.181904762,$19.2
3/1/1996,Min. Price,3/1/1996,,$21.2,$24.3,19.2,$19.2
4/1/1996,Max. Price,4/1/1996,,$23.3,$25.3,25.34,$21.2
4/1/1996,Avg. Price,4/1/1996,,$23.3,$25.3,23.295238095,$21.2
4/1/1996,Min. Price,4/1/1996,,$23.3,$25.3,21.2,$21.2
5/1/1996,Max. Price,5/1/1996,,$21.1,$22.7,22.65,$19.8
5/1/1996,Avg. Price,5/1/1996,,$21.1,$22.7,21.091818182,$19.8
5/1/1996,Min. Price,5/1/1996,,$21.1,$22.7,19.76,$19.8
6/1/1996,Max. Price,6/1/1996,,$20.4,$22.1,22.14,$19.7
6/1/1996,Avg. Price,6/1/1996,,$20.4,$22.1,20.4295,$19.7
6/1/1996,Min. Price,6/1/1996,,$20.4,$22.1,19.72,$19.7
7/1/1996,Max. Price,7/1/1996,,$21.3,$22.5,22.48,$20.1
7/1/1996,Avg. Price,7/1/1996,,$21.3,$22.5,21.250476190,$20.1
7/1/1996,Min. Price,7/1/1996,,$21.3,$22.5,20.11,$20.1
8/1/1996,Max. Price,8/1/1996,,$21.9,$23.3,23.26,$21.0
8/1/1996,Avg. Price,8/1/1996,,$21.9,$23.3,21.906363636,$21.0
8/1/1996,Min. Price,8/1/1996,,$21.9,$23.3,21.04,$21.0
9/1/1996,Max. Price,9/1/1996,,$23.9,$25.0,25,$23.2
9/1/1996,Avg. Price,9/1/1996,,$23.9,$25.0,23.932,$23.2
9/1/1996,Min. Price,9/1/1996,,$23.9,$25.0,23.19,$23.2
10/1/1996,Max. Price,10/1/1996,,$24.9,$25.9,25.92,$23.4
10/1/1996,Avg. Price,10/1/1996,,$24.9,$25.9,24.897391304,$23.4
10/1/1996,Min. Price,10/1/1996,,$24.9,$25.9,23.35,$23.4
11/1/1996,Max. Price,11/1/1996,,$23.6,$24.5,24.49,$22.6
11/1/1996,Avg. Price,11/1/1996,,$23.6,$24.5,23.551578947,$22.6
11/1/1996,Min. Price,11/1/1996,,$23.6,$24.5,22.64,$22.6
12/1/1996,Max. Price,12/1/1996,,$25.1,$26.6,26.57,$23.4
12/1/1996,Avg. Price,12/1/1996,,$25.1,$26.6,25.123809524,$23.4
12/1/1996,Min. Price,12/1/1996,,$25.1,$26.6,23.38,$23.4
1/1/1997,Max. Price,1/1/1997,,$25.2,$26.6,26.62,$23.9
1/1/1997,Avg. Price,1/1/1997,,$25.2,$26.6,25.180454545,$23.9
1/1/1997,Min. Price,1/1/1997,,$25.2,$26.6,23.9,$23.9
2/1/1997,Max. Price,2/1/1997,,$22.2,$24.2,24.15,$20.3
2/1/1997,Avg. Price,2/1/1997,,$22.2,$24.2,22.172105263,$20.3
2/1/1997,Min. Price,2/1/1997,,$22.2,$24.2,20.3,$20.3
3/1/1997,Max. Price,3/1/1997,,$21.0,$22.3,22.32,$20.1
3/1/1997,Avg. Price,3/1/1997,,$21.0,$22.3,20.974,$20.1
3/1/1997,Min. Price,3/1/1997,,$21.0,$22.3,20.11,$20.1
4/1/1997,Max. Price,4/1/1997,,$19.7,$20.4,20.44,$19.1
4/1/1997,Avg. Price,4/1/1997,,$19.7,$20.4,19.726818182,$19.1
4/1/1997,Min. Price,4/1/1997,,$19.7,$20.4,19.12,$19.1
5/1/1997,Max. Price,5/1/1997,,$20.9,$22.1,22.12,$19.6
5/1/1997,Avg. Price,5/1/1997,,$20.9,$22.1,20.871904762,$19.6
5/1/1997,Min. Price,5/1/1997,,$20.9,$22.1,19.6,$19.6
6/1/1997,Max. Price,6/1/1997,,$19.2,$21.0,20.98,$18.5
6/1/1997,Avg. Price,6/1/1997,,$19.2,$21.0,19.222380952,$18.5
6/1/1997,Min. Price,6/1/1997,,$19.2,$21.0,18.53,$18.5
7/1/1997,Max. Price,7/1/1997,,$19.7,$20.3,20.34,$19.0
7/1/1997,Avg. Price,7/1/1997,,$19.7,$20.3,19.659090909,$19.0
7/1/1997,Min. Price,7/1/1997,,$19.7,$20.3,18.99,$19.0
8/1/1997,Max. Price,8/1/1997,,$19.9,$20.8,20.81,$19.3
8/1/1997,Avg. Price,8/1/1997,,$19.9,$20.8,19.945714286,$19.3
8/1/1997,Min. Price,8/1/1997,,$19.9,$20.8,19.26,$19.3
9/1/1997,Max. Price,9/1/1997,,$19.8,$21.3,21.26,$19.3
9/1/1997,Avg. Price,9/1/1997,,$19.8,$21.3,19.777619048,$19.3
9/1/1997,Min. Price,9/1/1997,,$19.8,$21.3,19.27,$19.3
10/1/1997,Max. Price,10/1/1997,,$21.3,$22.8,22.76,$20.5
10/1/1997,Avg. Price,10/1/1997,,$21.3,$22.8,21.278695652,$20.5
10/1/1997,Min. Price,10/1/1997,,$21.3,$22.8,20.46,$20.5
11/1/1997,Max. Price,11/1/1997,,$20.2,$21.0,21,$19.2
11/1/1997,Avg. Price,11/1/1997,,$20.2,$21.0,20.22,$19.2
11/1/1997,Min. Price,11/1/1997,,$20.2,$21.0,19.15,$19.2
12/1/1997,Max. Price,12/1/1997,,$18.3,$18.8,18.84,$17.6
12/1/1997,Avg. Price,12/1/1997,,$18.3,$18.8,18.32,$17.6
12/1/1997,Min. Price,12/1/1997,,$18.3,$18.8,17.6,$17.6
1/1/1998,Max. Price,1/1/1998,,$16.7,$17.8,17.82,$15.7
1/1/1998,Avg. Price,1/1/1998,,$16.7,$17.8,16.7275,$15.7
1/1/1998,Min. Price,1/1/1998,,$16.7,$17.8,15.74,$15.7
2/1/1998,Max. Price,2/1/1998,,$16.1,$17.1,17.05,$15.3
2/1/1998,Avg. Price,2/1/1998,,$16.1,$17.1,16.080526316,$15.3
2/1/1998,Min. Price,2/1/1998,,$16.1,$17.1,15.31,$15.3
3/1/1998,Max. Price,3/1/1998,,$15.0,$16.8,16.83,$13.2
3/1/1998,Avg. Price,3/1/1998,,$15.0,$16.8,15.044545455,$13.2
3/1/1998,Min. Price,3/1/1998,,$15.0,$16.8,13.21,$13.2
4/1/1998,Max. Price,4/1/1998,,$15.5,$16.0,15.99,$15.1
4/1/1998,Avg. Price,4/1/1998,,$15.5,$16.0,15.464761905,$15.1
4/1/1998,Min. Price,4/1/1998,,$15.5,$16.0,15.09,$15.1
5/1/1998,Max. Price,5/1/1998,,$14.9,$16.1,16.13,$13.0
5/1/1998,Avg. Price,5/1/1998,,$14.9,$16.1,14.934,$13.0
5/1/1998,Min. Price,5/1/1998,,$14.9,$16.1,12.96,$13.0
6/1/1998,Max. Price,6/1/1998,,$13.7,$15.1,15.12,$11.6
6/1/1998,Avg. Price,6/1/1998,,$13.7,$15.1,13.669545455,$11.6
6/1/1998,Min. Price,6/1/1998,,$13.7,$15.1,11.56,$11.6
7/1/1998,Max. Price,7/1/1998,,$14.1,$14.9,14.87,$13.3
7/1/1998,Avg. Price,7/1/1998,,$14.1,$14.9,14.085454545,$13.3
7/1/1998,Min. Price,7/1/1998,,$14.1,$14.9,13.34,$13.3
8/1/1998,Max. Price,8/1/1998,,$13.4,$13.8,13.8,$12.7
8/1/1998,Avg. Price,8/1/1998,,$13.4,$13.8,13.381904762,$12.7
8/1/1998,Min. Price,8/1/1998,,$13.4,$13.8,12.71,$12.7
9/1/1998,Max. Price,9/1/1998,,$15.0,$16.1,16.14,$13.7
9/1/1998,Avg. Price,9/1/1998,,$15.0,$16.1,14.971904762,$13.7
9/1/1998,Min. Price,9/1/1998,,$15.0,$16.1,13.67,$13.7
10/1/1998,Max. Price,10/1/1998,,$14.4,$15.6,15.64,$13.4
10/1/1998,Avg. Price,10/1/1998,,$14.4,$15.6,14.415,$13.4
10/1/1998,Min. Price,10/1/1998,,$14.4,$15.6,13.35,$13.4
11/1/1998,Max. Price,11/1/1998,,$13.0,$14.4,14.36,$11.2
11/1/1998,Avg. Price,11/1/1998,,$13.0,$14.4,13.039473684,$11.2
11/1/1998,Min. Price,11/1/1998,,$13.0,$14.4,11.22,$11.2
12/1/1998,Max. Price,12/1/1998,,$11.3,$12.4,12.38,$10.7
12/1/1998,Avg. Price,12/1/1998,,$11.3,$12.4,11.310909091,$10.7
12/1/1998,Min. Price,12/1/1998,,$11.3,$12.4,10.72,$10.7
1/1/1999,Max. Price,1/1/1999,,$12.5,$13.4,13.44,$11.8
1/1/1999,Avg. Price,1/1/1999,,$12.5,$13.4,12.486842105,$11.8
1/1/1999,Min. Price,1/1/1999,,$12.5,$13.4,11.81,$11.8
2/1/1999,Max. Price,2/1/1999,,$12.0,$12.7,12.68,$11.4
2/1/1999,Avg. Price,2/1/1999,,$12.0,$12.7,12.021052632,$11.4
2/1/1999,Min. Price,2/1/1999,,$12.0,$12.7,11.37,$11.4
3/1/1999,Max. Price,3/1/1999,,$14.7,$16.8,16.8,$12.2
3/1/1999,Avg. Price,3/1/1999,,$14.7,$16.8,14.682173913,$12.2
3/1/1999,Min. Price,3/1/1999,,$14.7,$16.8,12.24,$12.2
4/1/1999,Max. Price,4/1/1999,,$17.3,$18.7,18.66,$15.8
4/1/1999,Avg. Price,4/1/1999,,$17.3,$18.7,17.302380952,$15.8
4/1/1999,Min. Price,4/1/1999,,$17.3,$18.7,15.83,$15.8
5/1/1999,Max. Price,5/1/1999,,$17.8,$19.0,18.98,$16.8
5/1/1999,Avg. Price,5/1/1999,,$17.8,$19.0,17.771,$16.8
5/1/1999,Min. Price,5/1/1999,,$17.8,$19.0,16.84,$16.8
6/1/1999,Max. Price,6/1/1999,,$17.9,$19.3,19.29,$16.3
6/1/1999,Avg. Price,6/1/1999,,$17.9,$19.3,17.92,$16.3
6/1/1999,Min. Price,6/1/1999,,$17.9,$19.3,16.34,$16.3
7/1/1999,Max. Price,7/1/1999,,$20.1,$21.0,20.97,$19.4
7/1/1999,Avg. Price,7/1/1999,,$20.1,$21.0,20.095714286,$19.4
7/1/1999,Min. Price,7/1/1999,,$20.1,$21.0,19.37,$19.4
8/1/1999,Max. Price,8/1/1999,,$21.3,$22.1,22.11,$20.3
8/1/1999,Avg. Price,8/1/1999,,$21.3,$22.1,21.279090909,$20.3
8/1/1999,Min. Price,8/1/1999,,$21.3,$22.1,20.3,$20.3
9/1/1999,Max. Price,9/1/1999,,$23.8,$24.9,24.87,$21.5
9/1/1999,Avg. Price,9/1/1999,,$23.8,$24.9,23.789047619,$21.5
9/1/1999,Min. Price,9/1/1999,,$23.8,$24.9,21.49,$21.5
10/1/1999,Max. Price,10/1/1999,,$22.7,$24.5,24.54,$20.9
10/1/1999,Avg. Price,10/1/1999,,$22.7,$24.5,22.674761905,$20.9
10/1/1999,Min. Price,10/1/1999,,$22.7,$24.5,20.9,$20.9
11/1/1999,Max. Price,11/1/1999,,$24.8,$27.1,27.07,$22.4
11/1/1999,Avg. Price,11/1/1999,,$24.8,$27.1,24.7665,$22.4
11/1/1999,Min. Price,11/1/1999,,$24.8,$27.1,22.39,$22.4
12/1/1999,Max. Price,12/1/1999,,$26.1,$26.8,26.83,$25.0
12/1/1999,Avg. Price,12/1/1999,,$26.1,$26.8,26.088571429,$25.0
12/1/1999,Min. Price,12/1/1999,,$26.1,$26.8,25,$25.0
1/1/2000,Max. Price,1/1/2000,,$27.0,$29.7,29.66,$24.2
1/1/2000,Avg. Price,1/1/2000,,$27.0,$29.7,27.014210526,$24.2
1/1/2000,Min. Price,1/1/2000,,$27.0,$29.7,24.22,$24.2
2/1/2000,Max. Price,2/1/2000,,$29.3,$30.4,30.43,$27.6
2/1/2000,Avg. Price,2/1/2000,,$29.3,$30.4,29.2975,$27.6
2/1/2000,Min. Price,2/1/2000,,$29.3,$30.4,27.55,$27.6
3/1/2000,Max. Price,3/1/2000,,$29.9,$34.1,34.13,$26.5
3/1/2000,Avg. Price,3/1/2000,,$29.9,$34.1,29.894347826,$26.5
3/1/2000,Min. Price,3/1/2000,,$29.9,$34.1,26.45,$26.5
4/1/2000,Max. Price,4/1/2000,,$25.5,$27.4,27.35,$23.9
4/1/2000,Avg. Price,4/1/2000,,$25.5,$27.4,25.536842105,$23.9
4/1/2000,Min. Price,4/1/2000,,$25.5,$27.4,23.85,$23.9
5/1/2000,Max. Price,5/1/2000,,$28.8,$30.5,30.51,$25.9
5/1/2000,Avg. Price,5/1/2000,,$28.8,$30.5,28.805909091,$25.9
5/1/2000,Min. Price,5/1/2000,,$28.8,$30.5,25.87,$25.9
6/1/2000,Max. Price,6/1/2000,,$31.5,$33.1,33.05,$29.7
6/1/2000,Avg. Price,6/1/2000,,$31.5,$33.1,31.53,$29.7
6/1/2000,Min. Price,6/1/2000,,$31.5,$33.1,29.7,$29.7
7/1/2000,Max. Price,7/1/2000,,$29.7,$31.9,31.94,$27.4
7/1/2000,Avg. Price,7/1/2000,,$29.7,$31.9,29.716315789,$27.4
7/1/2000,Min. Price,7/1/2000,,$29.7,$31.9,27.43,$27.4
8/1/2000,Max. Price,8/1/2000,,$31.1,$33.3,33.32,$27.8
8/1/2000,Avg. Price,8/1/2000,,$31.1,$33.3,31.137826087,$27.8
8/1/2000,Min. Price,8/1/2000,,$31.1,$33.3,27.79,$27.8
9/1/2000,Max. Price,9/1/2000,,$33.9,$37.2,37.2,$30.3
9/1/2000,Avg. Price,9/1/2000,,$33.9,$37.2,33.867,$30.3
9/1/2000,Min. Price,9/1/2000,,$33.9,$37.2,30.34,$30.3
10/1/2000,Max. Price,10/1/2000,,$32.9,$36.1,36.06,$30.5
10/1/2000,Avg. Price,10/1/2000,,$32.9,$36.1,32.932272727,$30.5
10/1/2000,Min. Price,10/1/2000,,$32.9,$36.1,30.53,$30.5
11/1/2000,Max. Price,11/1/2000,,$34.3,$35.6,35.58,$32.5
11/1/2000,Avg. Price,11/1/2000,,$34.3,$35.6,34.263,$32.5
11/1/2000,Min. Price,11/1/2000,,$34.3,$35.6,32.54,$32.5
12/1/2000,Max. Price,12/1/2000,,$28.4,$32.0,32.02,$25.8
12/1/2000,Avg. Price,12/1/2000,,$28.4,$32.0,28.3985,$25.8
12/1/2000,Min. Price,12/1/2000,,$28.4,$32.0,25.77,$25.8
1/1/2001,Max. Price,1/1/2001,,$29.3,$32.2,32.19,$27.2
1/1/2001,Avg. Price,1/1/2001,,$29.3,$32.2,29.259523810,$27.2
1/1/2001,Min. Price,1/1/2001,,$29.3,$32.2,27.21,$27.2
2/1/2001,Max. Price,2/1/2001,,$29.6,$31.6,31.59,$27.4
2/1/2001,Avg. Price,2/1/2001,,$29.6,$31.6,29.644736842,$27.4
2/1/2001,Min. Price,2/1/2001,,$29.6,$31.6,27.39,$27.4
3/1/2001,Max. Price,3/1/2001,,$27.3,$29.0,29,$26.0
3/1/2001,Avg. Price,3/1/2001,,$27.3,$29.0,27.271363636,$26.0
3/1/2001,Min. Price,3/1/2001,,$27.3,$29.0,25.96,$26.0
4/1/2001,Max. Price,4/1/2001,,$27.6,$28.8,28.79,$25.6
4/1/2001,Avg. Price,4/1/2001,,$27.6,$28.8,27.621,$25.6
4/1/2001,Min. Price,4/1/2001,,$27.6,$28.8,25.59,$25.6
5/1/2001,Max. Price,5/1/2001,,$28.7,$30.0,29.98,$27.4
5/1/2001,Avg. Price,5/1/2001,,$28.7,$30.0,28.684090909,$27.4
5/1/2001,Min. Price,5/1/2001,,$28.7,$30.0,27.39,$27.4
6/1/2001,Max. Price,6/1/2001,,$27.6,$29.2,29.18,$25.6
6/1/2001,Avg. Price,6/1/2001,,$27.6,$29.2,27.584761905,$25.6
6/1/2001,Min. Price,6/1/2001,,$27.6,$29.2,25.56,$25.6
7/1/2001,Max. Price,7/1/2001,,$26.5,$28.2,28.21,$24.7
7/1/2001,Avg. Price,7/1/2001,,$26.5,$28.2,26.467142857,$24.7
7/1/2001,Min. Price,7/1/2001,,$26.5,$28.2,24.7,$24.7
8/1/2001,Max. Price,8/1/2001,,$27.3,$28.1,28.05,$26.4
8/1/2001,Avg. Price,8/1/2001,,$27.3,$28.1,27.309130435,$26.4
8/1/2001,Min. Price,8/1/2001,,$27.3,$28.1,26.37,$26.4
9/1/2001,Max. Price,9/1/2001,,$25.9,$29.5,29.53,$21.8
9/1/2001,Avg. Price,9/1/2001,,$25.9,$29.5,25.925625,$21.8
9/1/2001,Min. Price,9/1/2001,,$25.9,$29.5,21.81,$21.8
10/1/2001,Max. Price,10/1/2001,,$22.2,$23.3,23.34,$21.2
10/1/2001,Avg. Price,10/1/2001,,$22.2,$23.3,22.212608696,$21.2
10/1/2001,Min. Price,10/1/2001,,$22.2,$23.3,21.18,$21.2
11/1/2001,Max. Price,11/1/2001,,$19.7,$22.2,22.22,$17.5
11/1/2001,Avg. Price,11/1/2001,,$19.7,$22.2,19.668,$17.5
11/1/2001,Min. Price,11/1/2001,,$19.7,$22.2,17.45,$17.5
12/1/2001,Max. Price,12/1/2001,,$19.4,$21.3,21.27,$18.1
12/1/2001,Avg. Price,12/1/2001,,$19.4,$21.3,19.403684211,$18.1
12/1/2001,Min. Price,12/1/2001,,$19.4,$21.3,18.08,$18.1
1/1/2002,Max. Price,1/1/2002,,$19.7,$21.6,21.62,$18.0
1/1/2002,Avg. Price,1/1/2002,,$19.7,$21.6,19.729047619,$18.0
1/1/2002,Min. Price,1/1/2002,,$19.7,$21.6,17.97,$18.0
2/1/2002,Max. Price,2/1/2002,,$20.8,$21.7,21.74,$19.6
2/1/2002,Avg. Price,2/1/2002,,$20.8,$21.7,20.755789474,$19.6
2/1/2002,Min. Price,2/1/2002,,$20.8,$21.7,19.64,$19.6
3/1/2002,Max. Price,3/1/2002,,$24.4,$26.3,26.31,$22.4
3/1/2002,Avg. Price,3/1/2002,,$24.4,$26.3,24.442,$22.4
3/1/2002,Min. Price,3/1/2002,,$24.4,$26.3,22.4,$22.4
4/1/2002,Max. Price,4/1/2002,,$26.3,$27.7,27.71,$23.5
4/1/2002,Avg. Price,4/1/2002,,$26.3,$27.7,26.258181818,$23.5
4/1/2002,Min. Price,4/1/2002,,$26.3,$27.7,23.47,$23.5
5/1/2002,Max. Price,5/1/2002,,$27.0,$29.4,29.36,$24.7
5/1/2002,Avg. Price,5/1/2002,,$27.0,$29.4,26.953181818,$24.7
5/1/2002,Min. Price,5/1/2002,,$27.0,$29.4,24.67,$24.7
6/1/2002,Max. Price,6/1/2002,,$25.5,$26.9,26.86,$24.1
6/1/2002,Avg. Price,6/1/2002,,$25.5,$26.9,25.546,$24.1
6/1/2002,Min. Price,6/1/2002,,$25.5,$26.9,24.12,$24.1
7/1/2002,Max. Price,7/1/2002,,$26.9,$27.9,27.88,$26.1
7/1/2002,Avg. Price,7/1/2002,,$26.9,$27.9,26.94,$26.1
7/1/2002,Min. Price,7/1/2002,,$26.9,$27.9,26.07,$26.1
8/1/2002,Max. Price,8/1/2002,,$28.2,$30.1,30.11,$26.5
8/1/2002,Avg. Price,8/1/2002,,$28.2,$30.1,28.2,$26.5
8/1/2002,Min. Price,8/1/2002,,$28.2,$30.1,26.47,$26.5
9/1/2002,Max. Price,9/1/2002,,$29.7,$30.8,30.77,$27.8
9/1/2002,Avg. Price,9/1/2002,,$29.7,$30.8,29.67,$27.8
9/1/2002,Min. Price,9/1/2002,,$29.7,$30.8,27.79,$27.8
10/1/2002,Max. Price,10/1/2002,,$28.9,$30.8,30.83,$26.8
10/1/2002,Avg. Price,10/1/2002,,$28.9,$30.8,28.863043478,$26.8
10/1/2002,Min. Price,10/1/2002,,$28.9,$30.8,26.81,$26.8
11/1/2002,Max. Price,11/1/2002,,$26.2,$27.1,27.13,$25.2
11/1/2002,Avg. Price,11/1/2002,,$26.2,$27.1,26.189473684,$25.2
11/1/2002,Min. Price,11/1/2002,,$26.2,$27.1,25.19,$25.2
12/1/2002,Max. Price,12/1/2002,,$29.4,$32.7,32.72,$26.7
12/1/2002,Avg. Price,12/1/2002,,$29.4,$32.7,29.393333333,$26.7
12/1/2002,Min. Price,12/1/2002,,$29.4,$32.7,26.71,$26.7
1/1/2003,Max. Price,1/1/2003,,$32.7,$34.6,34.61,$30.6
1/1/2003,Avg. Price,1/1/2003,,$32.7,$34.6,32.699523810,$30.6
1/1/2003,Min. Price,1/1/2003,,$32.7,$34.6,30.56,$30.6
2/1/2003,Max. Price,2/1/2003,,$35.7,$37.7,37.7,$32.8
2/1/2003,Avg. Price,2/1/2003,,$35.7,$37.7,35.733157895,$32.8
2/1/2003,Min. Price,2/1/2003,,$35.7,$37.7,32.76,$32.8
3/1/2003,Max. Price,3/1/2003,,$33.2,$37.8,37.83,$26.9
3/1/2003,Avg. Price,3/1/2003,,$33.2,$37.8,33.156190476,$26.9
3/1/2003,Min. Price,3/1/2003,,$33.2,$37.8,26.91,$26.9
4/1/2003,Max. Price,4/1/2003,,$28.1,$30.9,30.87,$25.2
4/1/2003,Avg. Price,4/1/2003,,$28.1,$30.9,28.135714286,$25.2
4/1/2003,Min. Price,4/1/2003,,$28.1,$30.9,25.24,$25.2
5/1/2003,Max. Price,5/1/2003,,$28.1,$29.6,29.56,$25.7
5/1/2003,Avg. Price,5/1/2003,,$28.1,$29.6,28.070476190,$25.7
5/1/2003,Min. Price,5/1/2003,,$28.1,$29.6,25.67,$25.7
6/1/2003,Max. Price,6/1/2003,,$30.5,$32.4,32.36,$28.8
6/1/2003,Avg. Price,6/1/2003,,$30.5,$32.4,30.519523810,$28.8
6/1/2003,Min. Price,6/1/2003,,$30.5,$32.4,28.78,$28.8
7/1/2003,Max. Price,7/1/2003,,$30.7,$32.0,31.96,$29.7
7/1/2003,Avg. Price,7/1/2003,,$30.7,$32.0,30.702272727,$29.7
7/1/2003,Min. Price,7/1/2003,,$30.7,$32.0,29.67,$29.7
8/1/2003,Max. Price,8/1/2003,,$31.6,$32.4,32.39,$30.7
8/1/2003,Avg. Price,8/1/2003,,$31.6,$32.4,31.597142857,$30.7
8/1/2003,Min. Price,8/1/2003,,$31.6,$32.4,30.7,$30.7
9/1/2003,Max. Price,9/1/2003,,$28.3,$29.5,29.49,$27.0
9/1/2003,Avg. Price,9/1/2003,,$28.3,$29.5,28.311428571,$27.0
9/1/2003,Min. Price,9/1/2003,,$28.3,$29.5,26.96,$27.0
10/1/2003,Max. Price,10/1/2003,,$30.3,$32.0,31.97,$28.5
10/1/2003,Avg. Price,10/1/2003,,$30.3,$32.0,30.345217391,$28.5
10/1/2003,Min. Price,10/1/2003,,$30.3,$32.0,28.47,$28.5
11/1/2003,Max. Price,11/1/2003,,$31.1,$33.3,33.28,$28.8
11/1/2003,Avg. Price,11/1/2003,,$31.1,$33.3,31.056111111,$28.8
11/1/2003,Min. Price,11/1/2003,,$31.1,$33.3,28.75,$28.8
12/1/2003,Max. Price,12/1/2003,,$32.1,$33.7,33.71,$30.0
12/1/2003,Avg. Price,12/1/2003,,$32.1,$33.7,32.142380952,$30.0
12/1/2003,Min. Price,12/1/2003,,$32.1,$33.7,29.95,$30.0
1/1/2004,Max. Price,1/1/2004,,$34.2,$36.2,36.2,$32.8
1/1/2004,Avg. Price,1/1/2004,,$34.2,$36.2,34.224736842,$32.8
1/1/2004,Min. Price,1/1/2004,,$34.2,$36.2,32.81,$32.8
2/1/2004,Max. Price,2/1/2004,,$34.5,$36.2,36.16,$32.5
2/1/2004,Avg. Price,2/1/2004,,$34.5,$36.2,34.5,$32.5
2/1/2004,Min. Price,2/1/2004,,$34.5,$36.2,32.48,$32.5
3/1/2004,Max. Price,3/1/2004,,$36.7,$38.2,38.18,$35.5
3/1/2004,Avg. Price,3/1/2004,,$36.7,$38.2,36.718260870,$35.5
3/1/2004,Min. Price,3/1/2004,,$36.7,$38.2,35.45,$35.5
4/1/2004,Max. Price,4/1/2004,,$36.6,$37.8,37.84,$34.3
4/1/2004,Avg. Price,4/1/2004,,$36.6,$37.8,36.616666667,$34.3
4/1/2004,Min. Price,4/1/2004,,$36.6,$37.8,34.27,$34.3
5/1/2004,Max. Price,5/1/2004,,$40.3,$41.7,41.72,$38.2
5/1/2004,Avg. Price,5/1/2004,,$40.3,$41.7,40.28,$38.2
5/1/2004,Min. Price,5/1/2004,,$40.3,$41.7,38.21,$38.2
6/1/2004,Max. Price,6/1/2004,,$38.0,$42.3,42.33,$35.7
6/1/2004,Avg. Price,6/1/2004,,$38.0,$42.3,38.049523810,$35.7
6/1/2004,Min. Price,6/1/2004,,$38.0,$42.3,35.66,$35.7
7/1/2004,Max. Price,7/1/2004,,$40.8,$43.8,43.8,$38.4
7/1/2004,Avg. Price,7/1/2004,,$40.8,$43.8,40.807619048,$38.4
7/1/2004,Min. Price,7/1/2004,,$40.8,$43.8,38.39,$38.4
8/1/2004,Max. Price,8/1/2004,,$44.9,$48.7,48.7,$42.1
8/1/2004,Avg. Price,8/1/2004,,$44.9,$48.7,44.883636364,$42.1
8/1/2004,Min. Price,8/1/2004,,$44.9,$48.7,42.12,$42.1
9/1/2004,Max. Price,9/1/2004,,$45.9,$49.9,49.9,$42.8
9/1/2004,Avg. Price,9/1/2004,,$45.9,$49.9,45.937619048,$42.8
9/1/2004,Min. Price,9/1/2004,,$45.9,$49.9,42.77,$42.8
10/1/2004,Max. Price,10/1/2004,,$53.1,$55.2,55.17,$49.9
10/1/2004,Avg. Price,10/1/2004,,$53.1,$55.2,53.093809524,$49.9
10/1/2004,Min. Price,10/1/2004,,$53.1,$55.2,49.91,$49.9
11/1/2004,Max. Price,11/1/2004,,$48.5,$50.9,50.88,$46.1
11/1/2004,Avg. Price,11/1/2004,,$48.5,$50.9,48.4755,$46.1
11/1/2004,Min. Price,11/1/2004,,$48.5,$50.9,46.11,$46.1
12/1/2004,Max. Price,12/1/2004,,$43.3,$46.3,46.28,$40.7
12/1/2004,Avg. Price,12/1/2004,,$43.3,$46.3,43.256190476,$40.7
12/1/2004,Min. Price,12/1/2004,,$43.3,$46.3,40.71,$40.7
1/1/2005,Max. Price,1/1/2005,,$46.9,$49.6,49.64,$42.1
1/1/2005,Avg. Price,1/1/2005,,$46.9,$49.6,46.8515,$42.1
1/1/2005,Min. Price,1/1/2005,,$46.9,$49.6,42.12,$42.1
2/1/2005,Max. Price,2/1/2005,,$48.1,$51.8,51.75,$45.3
2/1/2005,Avg. Price,2/1/2005,,$48.1,$51.8,48.053157895,$45.3
2/1/2005,Min. Price,2/1/2005,,$48.1,$51.8,45.28,$45.3
3/1/2005,Max. Price,3/1/2005,,$54.6,$56.7,56.72,$51.7
3/1/2005,Avg. Price,3/1/2005,,$54.6,$56.7,54.629545455,$51.7
3/1/2005,Min. Price,3/1/2005,,$54.6,$56.7,51.68,$51.7
4/1/2005,Max. Price,4/1/2005,,$53.2,$57.3,57.27,$49.7
4/1/2005,Avg. Price,4/1/2005,,$53.2,$57.3,53.217619048,$49.7
4/1/2005,Min. Price,4/1/2005,,$53.2,$57.3,49.72,$49.7
5/1/2005,Max. Price,5/1/2005,,$49.9,$52.1,52.07,$46.8
5/1/2005,Avg. Price,5/1/2005,,$49.9,$52.1,49.870952381,$46.8
5/1/2005,Min. Price,5/1/2005,,$49.9,$52.1,46.8,$46.8
6/1/2005,Max. Price,6/1/2005,,$56.4,$60.5,60.54,$52.5
6/1/2005,Avg. Price,6/1/2005,,$56.4,$60.5,56.419545455,$52.5
6/1/2005,Min. Price,6/1/2005,,$56.4,$60.5,52.54,$52.5
7/1/2005,Max. Price,7/1/2005,,$59.0,$61.3,61.28,$56.7
7/1/2005,Avg. Price,7/1/2005,,$59.0,$61.3,59.026,$56.7
7/1/2005,Min. Price,7/1/2005,,$59.0,$61.3,56.72,$56.7
8/1/2005,Max. Price,8/1/2005,,$65.0,$69.8,69.81,$60.9
8/1/2005,Avg. Price,8/1/2005,,$65.0,$69.8,64.993478261,$60.9
8/1/2005,Min. Price,8/1/2005,,$65.0,$69.8,60.86,$60.9
9/1/2005,Max. Price,9/1/2005,,$65.6,$69.5,69.47,$63.0
9/1/2005,Avg. Price,9/1/2005,,$65.6,$69.5,65.552857143,$63.0
9/1/2005,Min. Price,9/1/2005,,$65.6,$69.5,63,$63.0
10/1/2005,Max. Price,10/1/2005,,$62.3,$65.5,65.47,$59.8
10/1/2005,Avg. Price,10/1/2005,,$62.3,$65.5,62.268571429,$59.8
10/1/2005,Min. Price,10/1/2005,,$62.3,$65.5,59.76,$59.8
11/1/2005,Max. Price,11/1/2005,,$58.3,$61.8,61.78,$56.1
11/1/2005,Avg. Price,11/1/2005,,$58.3,$61.8,58.343,$56.1
11/1/2005,Min. Price,11/1/2005,,$58.3,$61.8,56.14,$56.1
12/1/2005,Max. Price,12/1/2005,,$59.4,$61.4,61.37,$57.3
12/1/2005,Avg. Price,12/1/2005,,$59.4,$61.4,59.447619048,$57.3
12/1/2005,Min. Price,12/1/2005,,$59.4,$61.4,57.34,$57.3
1/1/2006,Max. Price,1/1/2006,,$65.5,$68.4,68.35,$62.8
1/1/2006,Avg. Price,1/1/2006,,$65.5,$68.4,65.5375,$62.8
1/1/2006,Min. Price,1/1/2006,,$65.5,$68.4,62.79,$62.8
2/1/2006,Max. Price,2/1/2006,,$61.9,$66.6,66.56,$57.7
2/1/2006,Avg. Price,2/1/2006,,$61.9,$66.6,61.925789474,$57.7
2/1/2006,Min. Price,2/1/2006,,$61.9,$66.6,57.65,$57.7
3/1/2006,Max. Price,3/1/2006,,$63.0,$67.2,67.15,$60.0
3/1/2006,Avg. Price,3/1/2006,,$63.0,$67.2,62.966086957,$60.0
3/1/2006,Min. Price,3/1/2006,,$63.0,$67.2,59.96,$60.0
4/1/2006,Max. Price,4/1/2006,,$70.2,$75.2,75.17,$66.2
4/1/2006,Avg. Price,4/1/2006,,$70.2,$75.2,70.161052632,$66.2
4/1/2006,Min. Price,4/1/2006,,$70.2,$75.2,66.23,$66.2
5/1/2006,Max. Price,5/1/2006,,$71.0,$74.6,74.61,$68.5
5/1/2006,Avg. Price,5/1/2006,,$71.0,$74.6,70.960909091,$68.5
5/1/2006,Min. Price,5/1/2006,,$71.0,$74.6,68.53,$68.5
6/1/2006,Max. Price,6/1/2006,,$71.0,$73.9,73.93,$68.6
6/1/2006,Avg. Price,6/1/2006,,$71.0,$73.9,70.969545455,$68.6
6/1/2006,Min. Price,6/1/2006,,$71.0,$73.9,68.56,$68.6
7/1/2006,Max. Price,7/1/2006,,$74.5,$77.0,77.03,$72.7
7/1/2006,Avg. Price,7/1/2006,,$74.5,$77.0,74.463157895,$72.7
7/1/2006,Min. Price,7/1/2006,,$74.5,$77.0,72.66,$72.7
8/1/2006,Max. Price,8/1/2006,,$73.1,$77.0,76.98,$69.7
8/1/2006,Avg. Price,8/1/2006,,$73.1,$77.0,73.083478261,$69.7
8/1/2006,Min. Price,8/1/2006,,$73.1,$77.0,69.71,$69.7
9/1/2006,Max. Price,9/1/2006,,$63.9,$69.2,69.19,$60.5
9/1/2006,Avg. Price,9/1/2006,,$63.9,$69.2,63.895,$60.5
9/1/2006,Min. Price,9/1/2006,,$63.9,$69.2,60.46,$60.5
10/1/2006,Max. Price,10/1/2006,,$59.1,$61.4,61.4,$56.8
10/1/2006,Avg. Price,10/1/2006,,$59.1,$61.4,59.136818182,$56.8
10/1/2006,Min. Price,10/1/2006,,$59.1,$61.4,56.82,$56.8
11/1/2006,Max. Price,11/1/2006,,$59.4,$63.1,63.13,$55.8
11/1/2006,Avg. Price,11/1/2006,,$59.4,$63.1,59.403,$55.8
11/1/2006,Min. Price,11/1/2006,,$59.4,$63.1,55.81,$55.8
12/1/2006,Max. Price,12/1/2006,,$62.1,$63.7,63.72,$60.3
12/1/2006,Avg. Price,12/1/2006,,$62.1,$63.7,62.0865,$60.3
12/1/2006,Min. Price,12/1/2006,,$62.1,$63.7,60.34,$60.3
1/1/2007,Max. Price,1/1/2007,,$54.7,$61.1,61.05,$50.5
1/1/2007,Avg. Price,1/1/2007,,$54.7,$61.1,54.672380952,$50.5
1/1/2007,Min. Price,1/1/2007,,$54.7,$61.1,50.48,$50.5
2/1/2007,Max. Price,2/1/2007,,$59.4,$61.8,61.79,$57.3
2/1/2007,Avg. Price,2/1/2007,,$59.4,$61.8,59.387894737,$57.3
2/1/2007,Min. Price,2/1/2007,,$59.4,$61.8,57.3,$57.3
3/1/2007,Max. Price,3/1/2007,,$60.7,$66.0,66.03,$56.6
3/1/2007,Avg. Price,3/1/2007,,$60.7,$66.0,60.740454545,$56.6
3/1/2007,Min. Price,3/1/2007,,$60.7,$66.0,56.59,$56.6
4/1/2007,Max. Price,4/1/2007,,$64.0,$66.5,66.46,$61.5
4/1/2007,Avg. Price,4/1/2007,,$64.0,$66.5,64.036,$61.5
4/1/2007,Min. Price,4/1/2007,,$64.0,$66.5,61.51,$61.5
5/1/2007,Max. Price,5/1/2007,,$63.5,$66.3,66.27,$61.5
5/1/2007,Avg. Price,5/1/2007,,$63.5,$66.3,63.530909091,$61.5
5/1/2007,Min. Price,5/1/2007,,$63.5,$66.3,61.47,$61.5
6/1/2007,Max. Price,6/1/2007,,$67.5,$70.7,70.68,$64.8
6/1/2007,Avg. Price,6/1/2007,,$67.5,$70.7,67.529523810,$64.8
6/1/2007,Min. Price,6/1/2007,,$67.5,$70.7,64.76,$64.8
7/1/2007,Max. Price,7/1/2007,,$74.2,$78.2,78.21,$71.1
7/1/2007,Avg. Price,7/1/2007,,$74.2,$78.2,74.150476190,$71.1
7/1/2007,Min. Price,7/1/2007,,$74.2,$78.2,71.09,$71.1
8/1/2007,Max. Price,8/1/2007,,$72.4,$76.9,76.86,$69.3
8/1/2007,Avg. Price,8/1/2007,,$72.4,$76.9,72.358695652,$69.3
8/1/2007,Min. Price,8/1/2007,,$72.4,$76.9,69.26,$69.3
9/1/2007,Max. Price,9/1/2007,,$79.6,$83.3,83.32,$75.1
9/1/2007,Avg. Price,9/1/2007,,$79.6,$83.3,79.626315789,$75.1
9/1/2007,Min. Price,9/1/2007,,$79.6,$83.3,75.08,$75.1
10/1/2007,Max. Price,10/1/2007,,$85.7,$94.5,94.53,$79.0
10/1/2007,Avg. Price,10/1/2007,,$85.7,$94.5,85.658260870,$79.0
10/1/2007,Min. Price,10/1/2007,,$85.7,$94.5,79.02,$79.0
11/1/2007,Max. Price,11/1/2007,,$94.6,$98.2,98.18,$88.7
11/1/2007,Avg. Price,11/1/2007,,$94.6,$98.2,94.631428571,$88.7
11/1/2007,Min. Price,11/1/2007,,$94.6,$98.2,88.71,$88.7
12/1/2007,Max. Price,12/1/2007,,$91.7,$96.6,96.62,$87.5
12/1/2007,Avg. Price,12/1/2007,,$91.7,$96.6,91.7425,$87.5
12/1/2007,Min. Price,12/1/2007,,$91.7,$96.6,87.49,$87.5
1/1/2008,Max. Price,1/1/2008,,$92.9,$99.6,99.62,$87.0
1/1/2008,Avg. Price,1/1/2008,,$92.9,$99.6,92.929047619,$87.0
1/1/2008,Min. Price,1/1/2008,,$92.9,$99.6,86.99,$87.0
2/1/2008,Max. Price,2/1/2008,,$95.3,$102.6,102.59,$87.1
2/1/2008,Avg. Price,2/1/2008,,$95.3,$102.6,95.349,$87.1
2/1/2008,Min. Price,2/1/2008,,$95.3,$102.6,87.14,$87.1
3/1/2008,Max. Price,3/1/2008,,$105.4,$110.3,110.33,$99.5
3/1/2008,Avg. Price,3/1/2008,,$105.4,$110.3,105.42,$99.5
3/1/2008,Min. Price,3/1/2008,,$105.4,$110.3,99.52,$99.5
4/1/2008,Max. Price,4/1/2008,,$112.5,$119.4,119.37,$101.0
4/1/2008,Avg. Price,4/1/2008,,$112.5,$119.4,112.462727273,$101.0
4/1/2008,Min. Price,4/1/2008,,$112.5,$119.4,100.98,$101.0
5/1/2008,Max. Price,5/1/2008,,$125.5,$133.2,133.17,$112.5
5/1/2008,Avg. Price,5/1/2008,,$125.5,$133.2,125.458571429,$112.5
5/1/2008,Min. Price,5/1/2008,,$125.5,$133.2,112.52,$112.5
6/1/2008,Max. Price,6/1/2008,,$134.0,$140.2,140.21,$122.3
6/1/2008,Avg. Price,6/1/2008,,$134.0,$140.2,134.015714286,$122.3
6/1/2008,Min. Price,6/1/2008,,$134.0,$140.2,122.3,$122.3
7/1/2008,Max. Price,7/1/2008,,$133.5,$145.3,145.29,$122.2
7/1/2008,Avg. Price,7/1/2008,,$133.5,$145.3,133.484545455,$122.2
7/1/2008,Min. Price,7/1/2008,,$133.5,$145.3,122.19,$122.2
8/1/2008,Max. Price,8/1/2008,,$116.7,$125.1,125.1,$112.9
8/1/2008,Avg. Price,8/1/2008,,$116.7,$125.1,116.688095238,$112.9
8/1/2008,Min. Price,8/1/2008,,$116.7,$125.1,112.87,$112.9
9/1/2008,Max. Price,9/1/2008,,$103.8,$120.9,120.92,$91.2
9/1/2008,Avg. Price,9/1/2008,,$103.8,$120.9,103.763809524,$91.2
9/1/2008,Min. Price,9/1/2008,,$103.8,$120.9,91.15,$91.2
10/1/2008,Max. Price,10/1/2008,,$76.7,$98.5,98.53,$62.7
10/1/2008,Avg. Price,10/1/2008,,$76.7,$98.5,76.723913043,$62.7
10/1/2008,Min. Price,10/1/2008,,$76.7,$98.5,62.73,$62.7
11/1/2008,Max. Price,11/1/2008,,$57.4,$70.5,70.53,$49.6
11/1/2008,Avg. Price,11/1/2008,,$57.4,$70.5,57.441052632,$49.6
11/1/2008,Min. Price,11/1/2008,,$57.4,$70.5,49.62,$49.6
12/1/2008,Max. Price,12/1/2008,,$42.0,$49.3,49.28,$33.9
12/1/2008,Avg. Price,12/1/2008,,$42.0,$49.3,42.042272727,$33.9
12/1/2008,Min. Price,12/1/2008,,$42.0,$49.3,33.87,$33.9
1/1/2009,Max. Price,1/1/2009,,$41.9,$48.8,48.81,$35.4
1/1/2009,Avg. Price,1/1/2009,,$41.9,$48.8,41.9235,$35.4
1/1/2009,Min. Price,1/1/2009,,$41.9,$48.8,35.4,$35.4
2/1/2009,Max. Price,2/1/2009,,$39.3,$45.2,45.22,$34.0
2/1/2009,Avg. Price,2/1/2009,,$39.3,$45.2,39.258421053,$34.0
2/1/2009,Min. Price,2/1/2009,,$39.3,$45.2,33.98,$34.0
3/1/2009,Max. Price,3/1/2009,,$48.1,$54.3,54.34,$40.2
3/1/2009,Avg. Price,3/1/2009,,$48.1,$54.3,48.061818182,$40.2
3/1/2009,Min. Price,3/1/2009,,$48.1,$54.3,40.15,$40.2
4/1/2009,Max. Price,4/1/2009,,$49.9,$52.6,52.64,$45.9
4/1/2009,Avg. Price,4/1/2009,,$49.9,$52.6,49.949523810,$45.9
4/1/2009,Min. Price,4/1/2009,,$49.9,$52.6,45.88,$45.9
5/1/2009,Max. Price,5/1/2009,,$59.2,$66.3,66.31,$53.2
5/1/2009,Avg. Price,5/1/2009,,$59.2,$66.3,59.2125,$53.2
5/1/2009,Min. Price,5/1/2009,,$59.2,$66.3,53.2,$53.2
6/1/2009,Max. Price,6/1/2009,,$69.7,$72.7,72.68,$66.1
6/1/2009,Avg. Price,6/1/2009,,$69.7,$72.7,69.695454545,$66.1
6/1/2009,Min. Price,6/1/2009,,$69.7,$72.7,66.12,$66.1
7/1/2009,Max. Price,7/1/2009,,$64.3,$69.5,69.45,$59.5
7/1/2009,Avg. Price,7/1/2009,,$64.3,$69.5,64.293181818,$59.5
7/1/2009,Min. Price,7/1/2009,,$64.3,$69.5,59.52,$59.5
8/1/2009,Max. Price,8/1/2009,,$71.1,$74.4,74.37,$66.8
8/1/2009,Avg. Price,8/1/2009,,$71.1,$74.4,71.138571429,$66.8
8/1/2009,Min. Price,8/1/2009,,$71.1,$74.4,66.75,$66.8
9/1/2009,Max. Price,9/1/2009,,$69.5,$72.5,72.51,$65.9
9/1/2009,Avg. Price,9/1/2009,,$69.5,$72.5,69.468095238,$65.9
9/1/2009,Min. Price,9/1/2009,,$69.5,$72.5,65.89,$65.9
10/1/2009,Max. Price,10/1/2009,,$75.8,$81.4,81.37,$69.6
10/1/2009,Avg. Price,10/1/2009,,$75.8,$81.4,75.823636364,$69.6
10/1/2009,Min. Price,10/1/2009,,$75.8,$81.4,69.57,$69.6
11/1/2009,Max. Price,11/1/2009,,$78.1,$80.4,80.4,$76.0
11/1/2009,Avg. Price,11/1/2009,,$78.1,$80.4,78.145,$76.0
11/1/2009,Min. Price,11/1/2009,,$78.1,$80.4,76.02,$76.0
12/1/2009,Max. Price,12/1/2009,,$74.6,$79.4,79.36,$69.5
12/1/2009,Avg. Price,12/1/2009,,$74.6,$79.4,74.603181818,$69.5
12/1/2009,Min. Price,12/1/2009,,$74.6,$79.4,69.51,$69.5
1/1/2010,Max. Price,1/1/2010,,$78.4,$83.2,83.18,$72.9
1/1/2010,Avg. Price,1/1/2010,,$78.4,$83.2,78.402631579,$72.9
1/1/2010,Min. Price,1/1/2010,,$78.4,$83.2,72.89,$72.9
2/1/2010,Max. Price,2/1/2010,,$76.5,$80.2,80.16,$71.2
2/1/2010,Avg. Price,2/1/2010,,$76.5,$80.2,76.452631579,$71.2
2/1/2010,Min. Price,2/1/2010,,$76.5,$80.2,71.19,$71.2
3/1/2010,Max. Price,3/1/2010,,$81.3,$83.8,83.76,$78.7
3/1/2010,Avg. Price,3/1/2010,,$81.3,$83.8,81.29,$78.7
3/1/2010,Min. Price,3/1/2010,,$81.3,$83.8,78.7,$78.7
4/1/2010,Max. Price,4/1/2010,,$84.6,$86.8,86.84,$81.5
4/1/2010,Avg. Price,4/1/2010,,$84.6,$86.8,84.575238095,$81.5
4/1/2010,Min. Price,4/1/2010,,$84.6,$86.8,81.45,$81.5
5/1/2010,Max. Price,5/1/2010,,$74.1,$86.2,86.19,$68.0
5/1/2010,Avg. Price,5/1/2010,,$74.1,$86.2,74.1175,$68.0
5/1/2010,Min. Price,5/1/2010,,$74.1,$86.2,68.01,$68.0
6/1/2010,Max. Price,6/1/2010,,$75.4,$78.9,78.86,$71.4
6/1/2010,Avg. Price,6/1/2010,,$75.4,$78.9,75.404545455,$71.4
6/1/2010,Min. Price,6/1/2010,,$75.4,$78.9,71.44,$71.4
7/1/2010,Max. Price,7/1/2010,,$76.4,$79.3,79.3,$72.0
7/1/2010,Avg. Price,7/1/2010,,$76.4,$79.3,76.382857143,$72.0
7/1/2010,Min. Price,7/1/2010,,$76.4,$79.3,71.98,$72.0
8/1/2010,Max. Price,8/1/2010,,$76.7,$82.6,82.55,$71.6
8/1/2010,Avg. Price,8/1/2010,,$76.7,$82.6,76.666818182,$71.6
8/1/2010,Min. Price,8/1/2010,,$76.7,$82.6,71.63,$71.6
9/1/2010,Max. Price,9/1/2010,,$75.5,$80.0,79.97,$73.5
9/1/2010,Avg. Price,9/1/2010,,$75.5,$80.0,75.548571429,$73.5
9/1/2010,Min. Price,9/1/2010,,$75.5,$80.0,73.52,$73.5
10/1/2010,Max. Price,10/1/2010,,$82.0,$83.2,83.23,$79.5
10/1/2010,Avg. Price,10/1/2010,,$82.0,$83.2,81.974761905,$79.5
10/1/2010,Min. Price,10/1/2010,,$82.0,$83.2,79.49,$79.5
11/1/2010,Max. Price,11/1/2010,,$84.3,$87.8,87.81,$80.4
11/1/2010,Avg. Price,11/1/2010,,$84.3,$87.8,84.314761905,$80.4
11/1/2010,Min. Price,11/1/2010,,$84.3,$87.8,80.44,$80.4
12/1/2010,Max. Price,12/1/2010,,$89.2,$91.5,91.51,$86.8
12/1/2010,Avg. Price,12/1/2010,,$89.2,$91.5,89.233181818,$86.8
12/1/2010,Min. Price,12/1/2010,,$89.2,$91.5,86.75,$86.8
1/1/2011,Max. Price,1/1/2011,,$89.6,$92.2,92.19,$85.6
1/1/2011,Avg. Price,1/1/2011,,$89.6,$92.2,89.5785,$85.6
1/1/2011,Min. Price,1/1/2011,,$89.6,$92.2,85.64,$85.6
2/1/2011,Max. Price,2/1/2011,,$89.7,$98.1,98.1,$84.3
2/1/2011,Avg. Price,2/1/2011,,$89.7,$98.1,89.743157895,$84.3
2/1/2011,Min. Price,2/1/2011,,$89.7,$98.1,84.32,$84.3
3/1/2011,Max. Price,3/1/2011,,$103.0,$106.7,106.72,$97.2
3/1/2011,Avg. Price,3/1/2011,,$103.0,$106.7,102.981304348,$97.2
3/1/2011,Min. Price,3/1/2011,,$103.0,$106.7,97.18,$97.2
4/1/2011,Max. Price,4/1/2011,,$110.0,$113.9,113.93,$106.3
4/1/2011,Avg. Price,4/1/2011,,$110.0,$113.9,110.0385,$106.3
4/1/2011,Min. Price,4/1/2011,,$110.0,$113.9,106.25,$106.3
5/1/2011,Max. Price,5/1/2011,,$101.4,$113.5,113.52,$96.9
5/1/2011,Avg. Price,5/1/2011,,$101.4,$113.5,101.356666667,$96.9
5/1/2011,Min. Price,5/1/2011,,$101.4,$113.5,96.91,$96.9
6/1/2011,Max. Price,6/1/2011,,$96.3,$101.9,101.93,$90.6
6/1/2011,Avg. Price,6/1/2011,,$96.3,$101.9,96.288636364,$90.6
6/1/2011,Min. Price,6/1/2011,,$96.3,$101.9,90.61,$90.6
7/1/2011,Max. Price,7/1/2011,,$97.3,$99.9,99.87,$94.9
7/1/2011,Avg. Price,7/1/2011,,$97.3,$99.9,97.3405,$94.9
7/1/2011,Min. Price,7/1/2011,,$97.3,$99.9,94.94,$94.9
8/1/2011,Max. Price,8/1/2011,,$86.3,$94.9,94.89,$79.3
8/1/2011,Avg. Price,8/1/2011,,$86.3,$94.9,86.340869565,$79.3
8/1/2011,Min. Price,8/1/2011,,$86.3,$94.9,79.3,$79.3
9/1/2011,Max. Price,9/1/2011,,$85.6,$90.2,90.21,$79.2
9/1/2011,Avg. Price,9/1/2011,,$85.6,$90.2,85.61,$79.2
9/1/2011,Min. Price,9/1/2011,,$85.6,$90.2,79.2,$79.2
10/1/2011,Max. Price,10/1/2011,,$86.4,$94.0,93.96,$75.7
10/1/2011,Avg. Price,10/1/2011,,$86.4,$94.0,86.428095238,$75.7
10/1/2011,Min. Price,10/1/2011,,$86.4,$94.0,75.67,$75.7
11/1/2011,Max. Price,11/1/2011,,$97.2,$102.6,102.59,$92.2
11/1/2011,Avg. Price,11/1/2011,,$97.2,$102.6,97.162857143,$92.2
11/1/2011,Min. Price,11/1/2011,,$97.2,$102.6,92.19,$92.2
12/1/2011,Max. Price,12/1/2011,,$98.6,$101.3,101.34,$93.5
12/1/2011,Avg. Price,12/1/2011,,$98.6,$101.3,98.575714286,$93.5
12/1/2011,Min. Price,12/1/2011,,$98.6,$101.3,93.53,$93.5
1/1/2012,Max. Price,1/1/2012,,$100.3,$103.2,103.22,$98.5
1/1/2012,Avg. Price,1/1/2012,,$100.3,$103.2,100.3185,$98.5
1/1/2012,Min. Price,1/1/2012,,$100.3,$103.2,98.46,$98.5
2/1/2012,Max. Price,2/1/2012,,$102.3,$109.8,109.77,$96.4
2/1/2012,Avg. Price,2/1/2012,,$102.3,$109.8,102.2625,$96.4
2/1/2012,Min. Price,2/1/2012,,$102.3,$109.8,96.36,$96.4
3/1/2012,Max. Price,3/1/2012,,$106.2,$108.8,108.84,$102.8
3/1/2012,Avg. Price,3/1/2012,,$106.2,$108.8,106.205,$102.8
3/1/2012,Min. Price,3/1/2012,,$106.2,$108.8,102.78,$102.8
4/1/2012,Max. Price,4/1/2012,,$103.3,$105.2,105.23,$101.0
4/1/2012,Avg. Price,4/1/2012,,$103.3,$105.2,103.346,$101.0
4/1/2012,Min. Price,4/1/2012,,$103.3,$105.2,101.02,$101.0
5/1/2012,Max. Price,5/1/2012,,$94.7,$106.2,106.16,$86.5
5/1/2012,Avg. Price,5/1/2012,,$94.7,$106.2,94.715909091,$86.5
5/1/2012,Min. Price,5/1/2012,,$94.7,$106.2,86.53,$86.5
6/1/2012,Max. Price,6/1/2012,,$82.4,$85.0,85.02,$77.7
6/1/2012,Avg. Price,6/1/2012,,$82.4,$85.0,82.405238095,$77.7
6/1/2012,Min. Price,6/1/2012,,$82.4,$85.0,77.69,$77.7
7/1/2012,Max. Price,7/1/2012,,$87.9,$92.7,92.66,$83.8
7/1/2012,Avg. Price,7/1/2012,,$87.9,$92.7,87.931428571,$83.8
7/1/2012,Min. Price,7/1/2012,,$87.9,$92.7,83.75,$83.8
8/1/2012,Max. Price,8/1/2012,,$94.2,$97.3,97.26,$87.1
8/1/2012,Avg. Price,8/1/2012,,$94.2,$97.3,94.160869565,$87.1
8/1/2012,Min. Price,8/1/2012,,$94.2,$97.3,87.13,$87.1
9/1/2012,Max. Price,9/1/2012,,$94.6,$99.0,99,$90.0
9/1/2012,Avg. Price,9/1/2012,,$94.6,$99.0,94.558421053,$90.0
9/1/2012,Min. Price,9/1/2012,,$94.6,$99.0,89.98,$90.0
10/1/2012,Max. Price,10/1/2012,,$89.6,$92.5,92.48,$85.5
10/1/2012,Avg. Price,10/1/2012,,$89.6,$92.5,89.570869565,$85.5
10/1/2012,Min. Price,10/1/2012,,$89.6,$92.5,85.54,$85.5
11/1/2012,Max. Price,11/1/2012,,$86.7,$89.3,89.28,$84.4
11/1/2012,Avg. Price,11/1/2012,,$86.7,$89.3,86.732380952,$84.4
11/1/2012,Min. Price,11/1/2012,,$86.7,$89.3,84.44,$84.4
12/1/2012,Max. Price,12/1/2012,,$88.2,$91.8,91.82,$85.6
12/1/2012,Avg. Price,12/1/2012,,$88.2,$91.8,88.2455,$85.6
12/1/2012,Min. Price,12/1/2012,,$88.2,$91.8,85.56,$85.6
1/1/2013,Max. Price,1/1/2013,,$94.8,$97.9,97.94,$92.9
1/1/2013,Avg. Price,1/1/2013,,$94.8,$97.9,94.828571429,$92.9
1/1/2013,Min. Price,1/1/2013,,$94.8,$97.9,92.92,$92.9
2/1/2013,Max. Price,2/1/2013,,$95.3,$97.8,97.77,$92.1
2/1/2013,Avg. Price,2/1/2013,,$95.3,$97.8,95.321578947,$92.1
2/1/2013,Min. Price,2/1/2013,,$95.3,$97.8,92.05,$92.1
3/1/2013,Max. Price,3/1/2013,,$93.0,$97.2,97.23,$90.1
3/1/2013,Avg. Price,3/1/2013,,$93.0,$97.2,92.957,$90.1
3/1/2013,Min. Price,3/1/2013,,$93.0,$97.2,90.12,$90.1
4/1/2013,Max. Price,4/1/2013,,$92.1,$97.2,97.19,$86.7
4/1/2013,Avg. Price,4/1/2013,,$92.1,$97.2,92.067727273,$86.7
4/1/2013,Min. Price,4/1/2013,,$92.1,$97.2,86.68,$86.7
5/1/2013,Max. Price,5/1/2013,,$94.8,$96.7,96.71,$91.0
5/1/2013,Avg. Price,5/1/2013,,$94.8,$96.7,94.757391304,$91.0
5/1/2013,Min. Price,5/1/2013,,$94.8,$96.7,91.03,$91.0
6/1/2013,Max. Price,6/1/2013,,$95.8,$98.4,98.44,$93.3
6/1/2013,Avg. Price,6/1/2013,,$95.8,$98.4,95.8005,$93.3
6/1/2013,Min. Price,6/1/2013,,$95.8,$98.4,93.31,$93.3
7/1/2013,Max. Price,7/1/2013,,$104.6,$108.1,108.05,$98.0
7/1/2013,Avg. Price,7/1/2013,,$104.6,$108.1,104.555217391,$98.0
7/1/2013,Min. Price,7/1/2013,,$104.6,$108.1,97.99,$98.0
8/1/2013,Max. Price,8/1/2013,,$106.5,$110.1,110.1,$103.4
8/1/2013,Avg. Price,8/1/2013,,$106.5,$110.1,106.538636364,$103.4
8/1/2013,Min. Price,8/1/2013,,$106.5,$110.1,103.4,$103.4
9/1/2013,Max. Price,9/1/2013,,$106.3,$110.5,110.53,$102.3
9/1/2013,Avg. Price,9/1/2013,,$106.3,$110.5,106.26,$102.3
9/1/2013,Min. Price,9/1/2013,,$106.3,$110.5,102.33,$102.3
10/1/2013,Max. Price,10/1/2013,,$100.6,$104.1,104.1,$96.4
10/1/2013,Avg. Price,10/1/2013,,$100.6,$104.1,100.552608696,$96.4
10/1/2013,Min. Price,10/1/2013,,$100.6,$104.1,96.38,$96.4
11/1/2013,Max. Price,11/1/2013,,$93.9,$95.4,95.44,$92.3
11/1/2013,Avg. Price,11/1/2013,,$93.9,$95.4,93.852857143,$92.3
11/1/2013,Min. Price,11/1/2013,,$93.9,$95.4,92.28,$92.3
12/1/2013,Max. Price,12/1/2013,,$97.9,$100.3,100.32,$93.8
12/1/2013,Avg. Price,12/1/2013,,$97.9,$100.3,97.894285714,$93.8
12/1/2013,Min. Price,12/1/2013,,$97.9,$100.3,93.82,$93.8
1/1/2014,Max. Price,1/1/2014,,$95.0,$98.7,98.7,$91.7
1/1/2014,Avg. Price,1/1/2014,,$95.0,$98.7,94.983478261,$91.7
1/1/2014,Min. Price,1/1/2014,,$95.0,$98.7,91.66,$91.7
2/1/2014,Max. Price,2/1/2014,,$100.7,$103.3,103.31,$96.4
2/1/2014,Avg. Price,2/1/2014,,$100.7,$103.3,100.6705,$96.4
2/1/2014,Min. Price,2/1/2014,,$100.7,$103.3,96.43,$96.4
3/1/2014,Max. Price,3/1/2014,,$100.5,$104.9,104.92,$98.0
3/1/2014,Avg. Price,3/1/2014,,$100.5,$104.9,100.509047619,$98.0
3/1/2014,Min. Price,3/1/2014,,$100.5,$104.9,97.99,$98.0
4/1/2014,Max. Price,4/1/2014,,$102.0,$104.4,104.37,$99.6
4/1/2014,Avg. Price,4/1/2014,,$102.0,$104.4,102.034761905,$99.6
4/1/2014,Min. Price,4/1/2014,,$102.0,$104.4,99.62,$99.6
5/1/2014,Max. Price,5/1/2014,,$101.9,$104.4,104.35,$99.4
5/1/2014,Avg. Price,5/1/2014,,$101.9,$104.4,101.907727273,$99.4
5/1/2014,Min. Price,5/1/2014,,$101.9,$104.4,99.42,$99.4
6/1/2014,Max. Price,6/1/2014,,$105.1,$107.3,107.26,$102.5
6/1/2014,Avg. Price,6/1/2014,,$105.1,$107.3,105.146666667,$102.5
6/1/2014,Min. Price,6/1/2014,,$105.1,$107.3,102.47,$102.5
7/1/2014,Max. Price,7/1/2014,,$102.5,$105.3,105.34,$98.2
7/1/2014,Avg. Price,7/1/2014,,$102.5,$105.3,102.451304348,$98.2
7/1/2014,Min. Price,7/1/2014,,$102.5,$105.3,98.17,$98.2
8/1/2014,Max. Price,8/1/2014,,$96.1,$98.3,98.29,$93.4
8/1/2014,Avg. Price,8/1/2014,,$96.1,$98.3,96.076190476,$93.4
8/1/2014,Min. Price,8/1/2014,,$96.1,$98.3,93.35,$93.4
9/1/2014,Max. Price,9/1/2014,,$93.2,$95.8,95.83,$91.2
9/1/2014,Avg. Price,9/1/2014,,$93.2,$95.8,93.161363636,$91.2
9/1/2014,Min. Price,9/1/2014,,$93.2,$95.8,91.16,$91.2
10/1/2014,Max. Price,10/1/2014,,$84.3,$91.0,91.01,$80.5
10/1/2014,Avg. Price,10/1/2014,,$84.3,$91.0,84.339130435,$80.5
10/1/2014,Min. Price,10/1/2014,,$84.3,$91.0,80.52,$80.5
11/1/2014,Max. Price,11/1/2014,,$75.4,$78.8,78.78,$66.2
11/1/2014,Avg. Price,11/1/2014,,$75.4,$78.8,75.447,$66.2
11/1/2014,Min. Price,11/1/2014,,$75.4,$78.8,66.15,$66.2
12/1/2014,Max. Price,12/1/2014,,$59.1,$69.0,69,$53.3
12/1/2014,Avg. Price,12/1/2014,,$59.1,$69.0,59.143043478,$53.3
12/1/2014,Min. Price,12/1/2014,,$59.1,$69.0,53.27,$53.3
1/1/2015,Max. Price,1/1/2015,,$47.7,$54.6,54.56,$44.5
1/1/2015,Avg. Price,1/1/2015,,$47.7,$54.6,47.726086957,$44.5
1/1/2015,Min. Price,1/1/2015,,$47.7,$54.6,44.45,$44.5
2/1/2015,Max. Price,2/1/2015,,$51.0,$54.1,54.06,$48.2
2/1/2015,Avg. Price,2/1/2015,,$51.0,$54.1,51.020952381,$48.2
2/1/2015,Min. Price,2/1/2015,,$51.0,$54.1,48.17,$48.2
3/1/2015,Max. Price,3/1/2015,,$47.9,$51.5,51.53,$43.5
3/1/2015,Avg. Price,3/1/2015,,$47.9,$51.5,47.854090909,$43.5
3/1/2015,Min. Price,3/1/2015,,$47.9,$51.5,43.46,$43.5
4/1/2015,Max. Price,4/1/2015,,$54.4,$59.6,59.63,$49.1
4/1/2015,Avg. Price,4/1/2015,,$54.4,$59.6,54.378636364,$49.1
4/1/2015,Min. Price,4/1/2015,,$54.4,$59.6,49.14,$49.1
5/1/2015,Max. Price,5/1/2015,,$59.4,$60.9,60.93,$57.3
5/1/2015,Avg. Price,5/1/2015,,$59.4,$60.9,59.418636364,$57.3
5/1/2015,Min. Price,5/1/2015,,$59.4,$60.9,57.26,$57.3
6/1/2015,Max. Price,6/1/2015,,$59.8,$61.4,61.43,$58.0
6/1/2015,Avg. Price,6/1/2015,,$59.8,$61.4,59.828636364,$58.0
6/1/2015,Min. Price,6/1/2015,,$59.8,$61.4,58,$58.0
7/1/2015,Max. Price,7/1/2015,,$51.1,$57.0,56.96,$47.1
7/1/2015,Avg. Price,7/1/2015,,$51.1,$57.0,51.129565217,$47.1
7/1/2015,Min. Price,7/1/2015,,$51.1,$57.0,47.12,$47.1
8/1/2015,Max. Price,8/1/2015,,$42.9,$49.2,49.2,$38.2
8/1/2015,Avg. Price,8/1/2015,,$42.9,$49.2,42.889047619,$38.2
8/1/2015,Min. Price,8/1/2015,,$42.9,$49.2,38.24,$38.2
9/1/2015,Max. Price,9/1/2015,,$45.4,$47.2,47.15,$44.0
9/1/2015,Avg. Price,9/1/2015,,$45.4,$47.2,45.443043478,$44.0
9/1/2015,Min. Price,9/1/2015,,$45.4,$47.2,44,$44.0
10/1/2015,Max. Price,10/1/2015,,$46.3,$49.6,49.63,$43.2
10/1/2015,Avg. Price,10/1/2015,,$46.3,$49.6,46.289545455,$43.2
10/1/2015,Min. Price,10/1/2015,,$46.3,$49.6,43.2,$43.2
11/1/2015,Max. Price,11/1/2015,,$42.9,$47.9,47.9,$40.4
11/1/2015,Avg. Price,11/1/2015,,$42.9,$47.9,42.907142857,$40.4
11/1/2015,Min. Price,11/1/2015,,$42.9,$47.9,40.39,$40.4
12/1/2015,Max. Price,12/1/2015,,$37.3,$41.9,41.85,$34.7
12/1/2015,Avg. Price,12/1/2015,,$37.3,$41.9,37.327272727,$34.7
12/1/2015,Min. Price,12/1/2015,,$37.3,$41.9,34.73,$34.7
1/1/2016,Max. Price,1/1/2016,,$31.6,$36.8,36.76,$26.6
1/1/2016,Avg. Price,1/1/2016,,$31.6,$36.8,31.595714286,$26.6
1/1/2016,Min. Price,1/1/2016,,$31.6,$36.8,26.55,$26.6
2/1/2016,Max. Price,2/1/2016,,$30.5,$33.8,33.75,$26.2
2/1/2016,Avg. Price,2/1/2016,,$30.5,$33.8,30.545909091,$26.2
2/1/2016,Min. Price,2/1/2016,,$30.5,$33.8,26.21,$26.2
3/1/2016,Max. Price,3/1/2016,,$38.0,$41.5,41.45,$34.4
3/1/2016,Avg. Price,3/1/2016,,$38.0,$41.5,37.960909091,$34.4
3/1/2016,Min. Price,3/1/2016,,$38.0,$41.5,34.4,$34.4
4/1/2016,Max. Price,4/1/2016,,$41.1,$46.0,46.03,$35.7
4/1/2016,Avg. Price,4/1/2016,,$41.1,$46.0,41.124761905,$35.7
4/1/2016,Min. Price,4/1/2016,,$41.1,$46.0,35.7,$35.7
5/1/2016,Max. Price,5/1/2016,,$47.0,$49.6,49.58,$43.4
5/1/2016,Avg. Price,5/1/2016,,$47.0,$49.6,47.035652174,$43.4
5/1/2016,Min. Price,5/1/2016,,$47.0,$49.6,43.44,$43.4
6/1/2016,Max. Price,6/1/2016,,$48.9,$51.2,51.23,$46.2
6/1/2016,Avg. Price,6/1/2016,,$48.9,$51.2,48.853181818,$46.2
6/1/2016,Min. Price,6/1/2016,,$48.9,$51.2,46.21,$46.2
7/1/2016,Max. Price,7/1/2016,,$45.2,$49.0,49.01,$41.1
7/1/2016,Avg. Price,7/1/2016,,$45.2,$49.0,45.165909091,$41.1
7/1/2016,Min. Price,7/1/2016,,$45.2,$49.0,41.14,$41.1
8/1/2016,Max. Price,8/1/2016,,$44.8,$48.5,48.52,$39.5
8/1/2016,Avg. Price,8/1/2016,,$44.8,$48.5,44.799130435,$39.5
8/1/2016,Min. Price,8/1/2016,,$44.8,$48.5,39.51,$39.5
9/1/2016,Max. Price,9/1/2016,,$45.2,$48.2,48.24,$43.0
9/1/2016,Avg. Price,9/1/2016,,$45.2,$48.2,45.170434783,$43.0
9/1/2016,Min. Price,9/1/2016,,$45.2,$48.2,43.03,$43.0
10/1/2016,Max. Price,10/1/2016,,$49.9,$51.6,51.6,$46.9
10/1/2016,Avg. Price,10/1/2016,,$49.9,$51.6,49.94,$46.9
10/1/2016,Min. Price,10/1/2016,,$49.9,$51.6,46.86,$46.9
11/1/2016,Max. Price,11/1/2016,,$45.9,$49.4,49.44,$43.3
11/1/2016,Avg. Price,11/1/2016,,$45.9,$49.4,45.865,$43.3
11/1/2016,Min. Price,11/1/2016,,$45.9,$49.4,43.32,$43.3
12/1/2016,Max. Price,12/1/2016,,$52.2,$54.1,54.06,$49.8
12/1/2016,Avg. Price,12/1/2016,,$52.2,$54.1,52.212272727,$49.8
12/1/2016,Min. Price,12/1/2016,,$52.2,$54.1,49.77,$49.8
1/1/2017,Max. Price,1/1/2017,,$52.7,$54.0,54.03,$50.8
1/1/2017,Avg. Price,1/1/2017,,$52.7,$54.0,52.659565217,$50.8
1/1/2017,Min. Price,1/1/2017,,$52.7,$54.0,50.82,$50.8
2/1/2017,Max. Price,2/1/2017,,$53.5,$54.5,54.45,$52.2
2/1/2017,Avg. Price,2/1/2017,,$53.5,$54.5,53.501904762,$52.2
2/1/2017,Min. Price,2/1/2017,,$53.5,$54.5,52.17,$52.2
3/1/2017,Max. Price,3/1/2017,,$49.7,$53.8,53.83,$47.3
3/1/2017,Avg. Price,3/1/2017,,$49.7,$53.8,49.673913043,$47.3
3/1/2017,Min. Price,3/1/2017,,$49.7,$53.8,47.34,$47.3
4/1/2017,Max. Price,4/1/2017,,$51.1,$53.4,53.4,$49.0
4/1/2017,Avg. Price,4/1/2017,,$51.1,$53.4,51.117368421,$49.0
4/1/2017,Min. Price,4/1/2017,,$51.1,$53.4,48.97,$49.0
5/1/2017,Max. Price,5/1/2017,,$48.7,$51.5,51.47,$45.5
5/1/2017,Avg. Price,5/1/2017,,$48.7,$51.5,48.6575,$45.5
5/1/2017,Min. Price,5/1/2017,,$48.7,$51.5,45.52,$45.5
6/1/2017,Max. Price,6/1/2017,,$45.2,$48.4,48.36,$42.5
6/1/2017,Avg. Price,6/1/2017,,$45.2,$48.4,45.195909091,$42.5
6/1/2017,Min. Price,6/1/2017,,$45.2,$48.4,42.53,$42.5
7/1/2017,Max. Price,7/1/2017,,$46.7,$50.2,50.17,$44.2
7/1/2017,Avg. Price,7/1/2017,,$46.7,$50.2,46.696666667,$44.2
7/1/2017,Min. Price,7/1/2017,,$46.7,$50.2,44.23,$44.2
8/1/2017,Max. Price,8/1/2017,,$48.1,$49.6,49.59,$46.0
8/1/2017,Avg. Price,8/1/2017,,$48.1,$49.6,48.057826087,$46.0
8/1/2017,Min. Price,8/1/2017,,$48.1,$49.6,45.96,$46.0
9/1/2017,Max. Price,9/1/2017,,$49.6,$52.2,52.22,$47.3
9/1/2017,Avg. Price,9/1/2017,,$49.6,$52.2,49.648636364,$47.3
9/1/2017,Min. Price,9/1/2017,,$49.6,$52.2,47.29,$47.3
10/1/2017,Max. Price,10/1/2017,,$51.6,$54.4,54.38,$49.3
10/1/2017,Avg. Price,10/1/2017,,$51.6,$54.4,51.594545455,$49.3
10/1/2017,Min. Price,10/1/2017,,$51.6,$54.4,49.29,$49.3
11/1/2017,Max. Price,11/1/2017,,$56.7,$59.0,58.95,$54.3
11/1/2017,Avg. Price,11/1/2017,,$56.7,$59.0,56.740909091,$54.3
11/1/2017,Min. Price,11/1/2017,,$56.7,$59.0,54.3,$54.3
12/1/2017,Max. Price,12/1/2017,,$58.0,$60.4,60.42,$56.0
12/1/2017,Avg. Price,12/1/2017,,$58.0,$60.4,57.977619048,$56.0
12/1/2017,Min. Price,12/1/2017,,$58.0,$60.4,55.96,$56.0
1/1/2018,Max. Price,1/1/2018,,$63.6,$66.1,66.14,$60.2
1/1/2018,Avg. Price,1/1/2018,,$63.6,$66.1,63.587083333,$60.2
1/1/2018,Min. Price,1/1/2018,,$63.6,$66.1,60.24,$60.2
2/1/2018,Max. Price,2/1/2018,,$62.2,$65.8,65.8,$59.2
2/1/2018,Avg. Price,2/1/2018,,$62.2,$65.8,62.170952381,$59.2
2/1/2018,Min. Price,2/1/2018,,$62.2,$65.8,59.19,$59.2
3/1/2018,Max. Price,3/1/2018,,$62.8,$65.9,65.88,$60.1
3/1/2018,Avg. Price,3/1/2018,,$62.8,$65.9,62.771904762,$60.1
3/1/2018,Min. Price,3/1/2018,,$62.8,$65.9,60.12,$60.1
4/1/2018,Max. Price,4/1/2018,,$66.3,$68.6,68.64,$62.1
4/1/2018,Avg. Price,4/1/2018,,$66.3,$68.6,66.325238095,$62.1
4/1/2018,Min. Price,4/1/2018,,$66.3,$68.6,62.06,$62.1
5/1/2018,Max. Price,5/1/2018,,$69.8,$72.2,72.24,$66.7
5/1/2018,Avg. Price,5/1/2018,,$69.8,$72.2,69.751666667,$66.7
5/1/2018,Min. Price,5/1/2018,,$69.8,$72.2,66.73,$66.7
6/1/2018,Max. Price,6/1/2018,,$67.3,$74.2,74.15,$64.7
6/1/2018,Avg. Price,6/1/2018,,$67.3,$74.2,67.322857143,$64.7
6/1/2018,Min. Price,6/1/2018,,$67.3,$74.2,64.73,$64.7
7/1/2018,Max. Price,7/1/2018,,$70.7,$74.1,74.14,$67.9
7/1/2018,Avg. Price,7/1/2018,,$70.7,$74.1,70.743181818,$67.9
7/1/2018,Min. Price,7/1/2018,,$70.7,$74.1,67.89,$67.9
8/1/2018,Max. Price,8/1/2018,,$67.8,$70.3,70.25,$65.0
8/1/2018,Avg. Price,8/1/2018,,$67.8,$70.3,67.845217391,$65.0
8/1/2018,Min. Price,8/1/2018,,$67.8,$70.3,65.01,$65.0
9/1/2018,Max. Price,9/1/2018,,$70.1,$73.3,73.25,$67.5
9/1/2018,Avg. Price,9/1/2018,,$70.1,$73.3,70.078571429,$67.5
9/1/2018,Min. Price,9/1/2018,,$70.1,$73.3,67.54,$67.5
10/1/2018,Max. Price,10/1/2018,,$70.8,$76.4,76.41,$65.3
10/1/2018,Avg. Price,10/1/2018,,$70.8,$76.4,70.757826087,$65.3
10/1/2018,Min. Price,10/1/2018,,$70.8,$76.4,65.31,$65.3
11/1/2018,Max. Price,11/1/2018,,$56.6,$63.7,63.69,$50.3
11/1/2018,Avg. Price,11/1/2018,,$56.6,$63.7,56.571818182,$50.3
11/1/2018,Min. Price,11/1/2018,,$56.6,$63.7,50.29,$50.3
12/1/2018,Max. Price,12/1/2018,,$48.7,$53.3,53.25,$42.5
12/1/2018,Avg. Price,12/1/2018,,$48.7,$53.3,48.705714286,$42.5
12/1/2018,Min. Price,12/1/2018,,$48.7,$53.3,42.53,$42.5
1/1/2019,Max. Price,1/1/2019,,$51.5,$54.2,54.24,$45.9
1/1/2019,Avg. Price,1/1/2019,,$51.5,$54.2,51.514166667,$45.9
1/1/2019,Min. Price,1/1/2019,,$51.5,$54.2,45.89,$45.9
2/1/2019,Max. Price,2/1/2019,,$55.1,$57.3,57.26,$52.4
2/1/2019,Avg. Price,2/1/2019,,$55.1,$57.3,55.106190476,$52.4
2/1/2019,Min. Price,2/1/2019,,$55.1,$57.3,52.41,$52.4
3/1/2019,Max. Price,3/1/2019,,$58.2,$60.1,60.14,$55.8
3/1/2019,Avg. Price,3/1/2019,,$58.2,$60.1,58.168095238,$55.8
3/1/2019,Min. Price,3/1/2019,,$58.2,$60.1,55.8,$55.8
4/1/2019,Max. Price,4/1/2019,,$63.9,$66.3,66.3,$61.6
4/1/2019,Avg. Price,4/1/2019,,$63.9,$66.3,63.870952381,$61.6
4/1/2019,Min. Price,4/1/2019,,$63.9,$66.3,61.59,$61.6
5/1/2019,Max. Price,5/1/2019,,$60.7,$63.6,63.6,$53.5
5/1/2019,Avg. Price,5/1/2019,,$60.7,$63.6,60.707083333,$53.5
5/1/2019,Min. Price,5/1/2019,,$60.7,$63.6,53.5,$53.5
6/1/2019,Max. Price,6/1/2019,,$54.7,$59.4,59.43,$51.1
6/1/2019,Avg. Price,6/1/2019,,$54.7,$59.4,54.7065,$51.1
6/1/2019,Min. Price,6/1/2019,,$54.7,$59.4,51.14,$51.1
7/1/2019,Max. Price,7/1/2019,,$57.5,$60.4,60.43,$55.3
7/1/2019,Avg. Price,7/1/2019,,$57.5,$60.4,57.513913043,$55.3
7/1/2019,Min. Price,7/1/2019,,$57.5,$60.4,55.3,$55.3
8/1/2019,Max. Price,8/1/2019,,$54.8,$57.1,57.1,$51.1
8/1/2019,Avg. Price,8/1/2019,,$54.8,$57.1,54.844090909,$51.1
8/1/2019,Min. Price,8/1/2019,,$54.8,$57.1,51.09,$51.1
9/1/2019,Max. Price,9/1/2019,,$56.8,$62.9,62.9,$53.9
9/1/2019,Avg. Price,9/1/2019,,$56.8,$62.9,56.763636364,$53.9
9/1/2019,Min. Price,9/1/2019,,$56.8,$62.9,53.94,$53.9
10/1/2019,Max. Price,10/1/2019,,$54.0,$56.7,56.66,$52.5
10/1/2019,Avg. Price,10/1/2019,,$54.0,$56.7,54.005652174,$52.5
10/1/2019,Min. Price,10/1/2019,,$54.0,$56.7,52.45,$52.5
11/1/2019,Max. Price,11/1/2019,,$57.1,$58.6,58.58,$55.2
11/1/2019,Avg. Price,11/1/2019,,$57.1,$58.6,57.118095238,$55.2
11/1/2019,Min. Price,11/1/2019,,$57.1,$58.6,55.17,$55.2
12/1/2019,Max. Price,12/1/2019,,$59.9,$61.7,61.72,$56.0
12/1/2019,Avg. Price,12/1/2019,,$59.9,$61.7,59.867727273,$56.0
12/1/2019,Min. Price,12/1/2019,,$59.9,$61.7,55.96,$56.0
1/1/2020,Max. Price,1/1/2020,,$57.8,$63.3,63.27,$51.6
1/1/2020,Avg. Price,1/1/2020,,$57.8,$63.3,57.809583333,$51.6
1/1/2020,Min. Price,1/1/2020,,$57.8,$63.3,51.56,$51.6
2/1/2020,Max. Price,2/1/2020,,$50.7,$53.8,53.78,$44.8
2/1/2020,Avg. Price,2/1/2020,,$50.7,$53.8,50.707619048,$44.8
2/1/2020,Min. Price,2/1/2020,,$50.7,$53.8,44.76,$44.8
3/1/2020,Max. Price,3/1/2020,,$30.4,$47.2,47.18,$20.1
3/1/2020,Avg. Price,3/1/2020,,$30.4,$47.2,30.445454545,$20.1
3/1/2020,Min. Price,3/1/2020,,$30.4,$47.2,20.09,$20.1
4/1/2020,Max. Price,4/1/2020,,$16.7,$28.3,28.34,($37.6)
4/1/2020,Avg. Price,4/1/2020,,$16.7,$28.3,16.699047619,($37.6)
4/1/2020,Min. Price,4/1/2020,,$16.7,$28.3,-37.63,($37.6)
5/1/2020,Max. Price,5/1/2020,,$26.2,$33.7,33.69,$19.8
5/1/2020,Avg. Price,5/1/2020,,$26.2,$33.7,26.23,$19.8
5/1/2020,Min. Price,5/1/2020,,$26.2,$33.7,19.78,$19.8
1/1/1987,,1/1/1987,$1.2,$18.7,$19.1,,$18.0
2/1/1987,,2/1/1987,$2.2,$17.8,$18.6,,$16.4
3/1/1987,,3/1/1987,$2.5,$18.3,$18.9,,$16.4
4/1/1987,,4/1/1987,$1.1,$18.7,$19.0,,$18.0
5/1/1987,,5/1/1987,$1.1,$19.4,$19.9,,$18.8
6/1/1987,,6/1/1987,$1.3,$20.0,$20.7,,$19.4
7/1/1987,,7/1/1987,$1.9,$21.3,$22.4,,$20.5
8/1/1987,,8/1/1987,$3.6,$20.2,$22.2,,$18.6
9/1/1987,,9/1/1987,$0.8,$19.5,$19.7,,$18.9
10/1/1987,,10/1/1987,$0.8,$19.9,$20.2,,$19.4
11/1/1987,,11/1/1987,$1.2,$18.8,$19.6,,$18.4
12/1/1987,,12/1/1987,$3.7,$17.3,$18.9,,$15.2
1/1/1988,,1/1/1988,$1.3,$17.2,$17.9,,$16.6
2/1/1988,,2/1/1988,$1.9,$16.8,$17.7,,$15.8
3/1/1988,,3/1/1988,$1.7,$16.2,$17.1,,$15.4
4/1/1988,,4/1/1988,$1.8,$17.8,$18.6,,$16.8
5/1/1988,,5/1/1988,$0.6,$17.4,$17.8,,$17.1
6/1/1988,,6/1/1988,$2.5,$16.5,$17.7,,$15.2
7/1/1988,,7/1/1988,$1.9,$15.5,$16.4,,$14.4
8/1/1988,,8/1/1988,$1.1,$15.5,$16.1,,$15.0
9/1/1988,,9/1/1988,$2.0,$14.5,$15.4,,$13.4
10/1/1988,,10/1/1988,$2.8,$13.8,$15.4,,$12.6
11/1/1988,,11/1/1988,$2.3,$14.0,$15.3,,$13.0
12/1/1988,,12/1/1988,$2.4,$16.3,$17.7,,$15.3
1/1/1989,,1/1/1989,$2.3,$18.1,$19.3,,$17.0
2/1/1989,,2/1/1989,$1.5,$17.9,$18.6,,$17.1
3/1/1989,,3/1/1989,$2.5,$19.4,$20.8,,$18.3
4/1/1989,,4/1/1989,$4.9,$21.1,$24.7,,$19.8
5/1/1989,,5/1/1989,$1.5,$20.1,$20.9,,$19.4
6/1/1989,,6/1/1989,$1.6,$20.0,$20.9,,$19.3
7/1/1989,,7/1/1989,$2.9,$19.7,$20.8,,$17.9
8/1/1989,,8/1/1989,$1.2,$18.5,$19.1,,$17.9
9/1/1989,,9/1/1989,$1.3,$19.6,$20.1,,$18.9
10/1/1989,,10/1/1989,$1.5,$20.1,$20.9,,$19.4
11/1/1989,,11/1/1989,$1.0,$19.8,$20.2,,$19.3
12/1/1989,,12/1/1989,$2.1,$21.1,$22.3,,$20.3
1/1/1990,,1/1/1990,$2.1,$22.6,$23.7,,$21.6
2/1/1990,,2/1/1990,$1.6,$22.1,$23.0,,$21.4
3/1/1990,,3/1/1990,$2.3,$20.4,$21.6,,$19.3
4/1/1990,,4/1/1990,$3.5,$18.6,$20.5,,$17.0
5/1/1990,,5/1/1990,$2.3,$18.4,$19.7,,$17.4
6/1/1990,,6/1/1990,$2.3,$16.9,$17.6,,$15.3
7/1/1990,,7/1/1990,$4.2,$18.6,$20.7,,$16.5
8/1/1990,,8/1/1990,$10.4,$27.2,$31.9,,$21.5
9/1/1990,,9/1/1990,$10.4,$33.7,$39.5,,$29.1
10/1/1990,,10/1/1990,$12.0,$35.9,$40.4,,$28.4
11/1/1990,,11/1/1990,$6.7,$32.4,$35.5,,$28.9
12/1/1990,,12/1/1990,$5.3,$27.2,$30.7,,$25.4
1/1/1991,,1/1/1991,$12.8,$24.7,$32.0,,$19.3
2/1/1991,,2/1/1991,$5.0,$20.5,$22.9,,$17.9
3/1/1991,,3/1/1991,$1.6,$19.9,$20.6,,$19.0
4/1/1991,,4/1/1991,$2.6,$20.8,$21.9,,$19.3
5/1/1991,,5/1/1991,$1.2,$21.2,$21.9,,$20.7
6/1/1991,,6/1/1991,$1.5,$20.2,$21.1,,$19.7
7/1/1991,,7/1/1991,$1.5,$21.4,$22.2,,$20.7
8/1/1991,,8/1/1991,$1.2,$21.7,$22.5,,$21.3
9/1/1991,,9/1/1991,$1.0,$21.9,$22.3,,$21.3
10/1/1991,,10/1/1991,$1.9,$23.2,$24.1,,$22.2
11/1/1991,,11/1/1991,$2.8,$22.4,$23.8,,$21.0
12/1/1991,,12/1/1991,$2.6,$19.5,$21.1,,$18.5
1/1/1992,,1/1/1992,$1.6,$18.8,$19.5,,$17.9
2/1/1992,,2/1/1992,$1.8,$19.0,$19.9,,$18.1
3/1/1992,,3/1/1992,$1.1,$18.9,$19.4,,$18.3
4/1/1992,,4/1/1992,$1.1,$20.3,$20.9,,$19.8
5/1/1992,,5/1/1992,$2.0,$21.0,$22.1,,$20.1
6/1/1992,,6/1/1992,$1.3,$22.4,$22.9,,$21.6
7/1/1992,,7/1/1992,$0.8,$21.7,$22.1,,$21.3
8/1/1992,,8/1/1992,$0.7,$21.3,$21.6,,$20.9
9/1/1992,,9/1/1992,$0.8,$21.9,$22.4,,$21.6
10/1/1992,,10/1/1992,$1.8,$21.7,$22.4,,$20.6
11/1/1992,,11/1/1992,$0.9,$20.4,$20.8,,$19.9
12/1/1992,,12/1/1992,$1.1,$19.4,$20.0,,$18.8
1/1/1993,,1/1/1993,$2.1,$19.1,$20.4,,$18.3
2/1/1993,,2/1/1993,$1.3,$20.1,$20.6,,$19.3
3/1/1993,,3/1/1993,$1.6,$20.3,$21.1,,$19.5
4/1/1993,,4/1/1993,$0.8,$20.3,$20.7,,$19.8
5/1/1993,,5/1/1993,$1.4,$20.0,$20.6,,$19.2
6/1/1993,,6/1/1993,$1.8,$19.1,$20.2,,$18.4
7/1/1993,,7/1/1993,$1.4,$17.9,$18.5,,$17.1
8/1/1993,,8/1/1993,$1.5,$18.0,$18.8,,$17.3
9/1/1993,,9/1/1993,$2.0,$17.5,$18.8,,$16.8
10/1/1993,,10/1/1993,$1.9,$18.2,$18.8,,$16.9
11/1/1993,,11/1/1993,$2.2,$16.7,$17.5,,$15.3
12/1/1993,,12/1/1993,$1.6,$14.5,$15.5,,$13.9
1/1/1994,,1/1/1994,$1.1,$15.0,$15.5,,$14.3
2/1/1994,,2/1/1994,$2.1,$14.8,$16.0,,$13.9
3/1/1994,,3/1/1994,$1.3,$14.7,$15.4,,$14.1
4/1/1994,,4/1/1994,$1.7,$16.3,$17.2,,$15.6
5/1/1994,,5/1/1994,$2.1,$17.8,$18.9,,$16.9
6/1/1994,,6/1/1994,$3.0,$19.1,$20.8,,$17.8
7/1/1994,,7/1/1994,$1.3,$19.7,$20.4,,$19.1
8/1/1994,,8/1/1994,$3.7,$18.4,$20.6,,$16.9
9/1/1994,,9/1/1994,$1.7,$17.5,$18.4,,$16.7
10/1/1994,,10/1/1994,$1.3,$17.7,$18.3,,$17.0
11/1/1994,,11/1/1994,$1.6,$18.1,$18.9,,$17.4
12/1/1994,,12/1/1994,$1.1,$17.2,$17.8,,$16.7
1/1/1995,,1/1/1995,$1.4,$18.0,$18.7,,$17.4
2/1/1995,,2/1/1995,$0.7,$18.5,$18.9,,$18.2
3/1/1995,,3/1/1995,$1.3,$18.6,$19.2,,$17.9
4/1/1995,,4/1/1995,$1.5,$19.9,$20.5,,$19.0
5/1/1995,,5/1/1995,$1.8,$19.7,$20.5,,$18.7
6/1/1995,,6/1/1995,$1.9,$18.4,$19.3,,$17.4
7/1/1995,,7/1/1995,$0.8,$17.3,$17.6,,$16.8
8/1/1995,,8/1/1995,$1.1,$17.8,$18.5,,$17.5
9/1/1995,,9/1/1995,$1.7,$18.2,$19.0,,$17.3
10/1/1995,,10/1/1995,$0.8,$17.4,$17.7,,$16.9
11/1/1995,,11/1/1995,$0.9,$18.0,$18.6,,$17.7
12/1/1995,,12/1/1995,$1.2,$19.0,$19.7,,$18.4
1/1/1996,,1/1/1996,$2.8,$18.7,$20.3,,$17.5
2/1/1996,,2/1/1996,$3.5,$18.8,$21.1,,$17.5
3/1/1996,,3/1/1996,$5.1,$21.2,$24.3,,$19.2
4/1/1996,,4/1/1996,$4.1,$23.3,$25.3,,$21.2
5/1/1996,,5/1/1996,$2.9,$21.1,$22.7,,$19.8
6/1/1996,,6/1/1996,$2.4,$20.4,$22.1,,$19.7
7/1/1996,,7/1/1996,$2.4,$21.3,$22.5,,$20.1
8/1/1996,,8/1/1996,$2.2,$21.9,$23.3,,$21.0
9/1/1996,,9/1/1996,$1.8,$23.9,$25.0,,$23.2
10/1/1996,,10/1/1996,$2.6,$24.9,$25.9,,$23.4
11/1/1996,,11/1/1996,$1.9,$23.6,$24.5,,$22.6
12/1/1996,,12/1/1996,$3.2,$25.1,$26.6,,$23.4
1/1/1997,,1/1/1997,$2.7,$25.2,$26.6,,$23.9
2/1/1997,,2/1/1997,$3.9,$22.2,$24.2,,$20.3
3/1/1997,,3/1/1997,$2.2,$21.0,$22.3,,$20.1
4/1/1997,,4/1/1997,$1.3,$19.7,$20.4,,$19.1
5/1/1997,,5/1/1997,$2.5,$20.9,$22.1,,$19.6
6/1/1997,,6/1/1997,$2.5,$19.2,$21.0,,$18.5
7/1/1997,,7/1/1997,$1.4,$19.7,$20.3,,$19.0
8/1/1997,,8/1/1997,$1.6,$19.9,$20.8,,$19.3
9/1/1997,,9/1/1997,$2.0,$19.8,$21.3,,$19.3
10/1/1997,,10/1/1997,$2.3,$21.3,$22.8,,$20.5
11/1/1997,,11/1/1997,$1.9,$20.2,$21.0,,$19.2
12/1/1997,,12/1/1997,$1.2,$18.3,$18.8,,$17.6
1/1/1998,,1/1/1998,$2.1,$16.7,$17.8,,$15.7
2/1/1998,,2/1/1998,$1.7,$16.1,$17.1,,$15.3
3/1/1998,,3/1/1998,$3.6,$15.0,$16.8,,$13.2
4/1/1998,,4/1/1998,$0.9,$15.5,$16.0,,$15.1
5/1/1998,,5/1/1998,$3.2,$14.9,$16.1,,$13.0
6/1/1998,,6/1/1998,$3.6,$13.7,$15.1,,$11.6
7/1/1998,,7/1/1998,$1.5,$14.1,$14.9,,$13.3
8/1/1998,,8/1/1998,$1.1,$13.4,$13.8,,$12.7
9/1/1998,,9/1/1998,$2.5,$15.0,$16.1,,$13.7
10/1/1998,,10/1/1998,$2.3,$14.4,$15.6,,$13.4
11/1/1998,,11/1/1998,$3.1,$13.0,$14.4,,$11.2
12/1/1998,,12/1/1998,$1.7,$11.3,$12.4,,$10.7
1/1/1999,,1/1/1999,$1.6,$12.5,$13.4,,$11.8
2/1/1999,,2/1/1999,$1.3,$12.0,$12.7,,$11.4
3/1/1999,,3/1/1999,$4.6,$14.7,$16.8,,$12.2
4/1/1999,,4/1/1999,$2.8,$17.3,$18.7,,$15.8
5/1/1999,,5/1/1999,$2.1,$17.8,$19.0,,$16.8
6/1/1999,,6/1/1999,$3.0,$17.9,$19.3,,$16.3
7/1/1999,,7/1/1999,$1.6,$20.1,$21.0,,$19.4
8/1/1999,,8/1/1999,$1.8,$21.3,$22.1,,$20.3
9/1/1999,,9/1/1999,$3.4,$23.8,$24.9,,$21.5
10/1/1999,,10/1/1999,$3.6,$22.7,$24.5,,$20.9
11/1/1999,,11/1/1999,$4.7,$24.8,$27.1,,$22.4
12/1/1999,,12/1/1999,$1.8,$26.1,$26.8,,$25.0
1/1/2000,,1/1/2000,$5.4,$27.0,$29.7,,$24.2
2/1/2000,,2/1/2000,$2.9,$29.3,$30.4,,$27.6
3/1/2000,,3/1/2000,$7.7,$29.9,$34.1,,$26.5
4/1/2000,,4/1/2000,$3.5,$25.5,$27.4,,$23.9
5/1/2000,,5/1/2000,$4.6,$28.8,$30.5,,$25.9
6/1/2000,,6/1/2000,$3.4,$31.5,$33.1,,$29.7
7/1/2000,,7/1/2000,$4.5,$29.7,$31.9,,$27.4
8/1/2000,,8/1/2000,$5.5,$31.1,$33.3,,$27.8
9/1/2000,,9/1/2000,$6.9,$33.9,$37.2,,$30.3
10/1/2000,,10/1/2000,$5.5,$32.9,$36.1,,$30.5
11/1/2000,,11/1/2000,$3.0,$34.3,$35.6,,$32.5
12/1/2000,,12/1/2000,$6.3,$28.4,$32.0,,$25.8
1/1/2001,,1/1/2001,$5.0,$29.3,$32.2,,$27.2
2/1/2001,,2/1/2001,$4.2,$29.6,$31.6,,$27.4
3/1/2001,,3/1/2001,$3.0,$27.3,$29.0,,$26.0
4/1/2001,,4/1/2001,$3.2,$27.6,$28.8,,$25.6
5/1/2001,,5/1/2001,$2.6,$28.7,$30.0,,$27.4
6/1/2001,,6/1/2001,$3.6,$27.6,$29.2,,$25.6
7/1/2001,,7/1/2001,$3.5,$26.5,$28.2,,$24.7
8/1/2001,,8/1/2001,$1.7,$27.3,$28.1,,$26.4
9/1/2001,,9/1/2001,$7.7,$25.9,$29.5,,$21.8
10/1/2001,,10/1/2001,$2.2,$22.2,$23.3,,$21.2
11/1/2001,,11/1/2001,$4.8,$19.7,$22.2,,$17.5
12/1/2001,,12/1/2001,$3.2,$19.4,$21.3,,$18.1
1/1/2002,,1/1/2002,$3.7,$19.7,$21.6,,$18.0
2/1/2002,,2/1/2002,$2.1,$20.8,$21.7,,$19.6
3/1/2002,,3/1/2002,$3.9,$24.4,$26.3,,$22.4
4/1/2002,,4/1/2002,$4.2,$26.3,$27.7,,$23.5
5/1/2002,,5/1/2002,$4.7,$27.0,$29.4,,$24.7
6/1/2002,,6/1/2002,$2.7,$25.5,$26.9,,$24.1
7/1/2002,,7/1/2002,$1.8,$26.9,$27.9,,$26.1
8/1/2002,,8/1/2002,$3.6,$28.2,$30.1,,$26.5
9/1/2002,,9/1/2002,$3.0,$29.7,$30.8,,$27.8
10/1/2002,,10/1/2002,$4.0,$28.9,$30.8,,$26.8
11/1/2002,,11/1/2002,$1.9,$26.2,$27.1,,$25.2
12/1/2002,,12/1/2002,$6.0,$29.4,$32.7,,$26.7
1/1/2003,,1/1/2003,$4.1,$32.7,$34.6,,$30.6
2/1/2003,,2/1/2003,$4.9,$35.7,$37.7,,$32.8
3/1/2003,,3/1/2003,$10.9,$33.2,$37.8,,$26.9
4/1/2003,,4/1/2003,$5.6,$28.1,$30.9,,$25.2
5/1/2003,,5/1/2003,$3.9,$28.1,$29.6,,$25.7
6/1/2003,,6/1/2003,$3.6,$30.5,$32.4,,$28.8
7/1/2003,,7/1/2003,$2.3,$30.7,$32.0,,$29.7
8/1/2003,,8/1/2003,$1.7,$31.6,$32.4,,$30.7
9/1/2003,,9/1/2003,$2.5,$28.3,$29.5,,$27.0
10/1/2003,,10/1/2003,$3.5,$30.3,$32.0,,$28.5
11/1/2003,,11/1/2003,$4.5,$31.1,$33.3,,$28.8
12/1/2003,,12/1/2003,$3.8,$32.1,$33.7,,$30.0
1/1/2004,,1/1/2004,$3.4,$34.2,$36.2,,$32.8
2/1/2004,,2/1/2004,$3.7,$34.5,$36.2,,$32.5
3/1/2004,,3/1/2004,$2.7,$36.7,$38.2,,$35.5
4/1/2004,,4/1/2004,$3.6,$36.6,$37.8,,$34.3
5/1/2004,,5/1/2004,$3.5,$40.3,$41.7,,$38.2
6/1/2004,,6/1/2004,$6.7,$38.0,$42.3,,$35.7
7/1/2004,,7/1/2004,$5.4,$40.8,$43.8,,$38.4
8/1/2004,,8/1/2004,$6.6,$44.9,$48.7,,$42.1
9/1/2004,,9/1/2004,$7.1,$45.9,$49.9,,$42.8
10/1/2004,,10/1/2004,$5.3,$53.1,$55.2,,$49.9
11/1/2004,,11/1/2004,$4.8,$48.5,$50.9,,$46.1
12/1/2004,,12/1/2004,$5.6,$43.3,$46.3,,$40.7
1/1/2005,,1/1/2005,$7.5,$46.9,$49.6,,$42.1
2/1/2005,,2/1/2005,$6.5,$48.1,$51.8,,$45.3
3/1/2005,,3/1/2005,$5.0,$54.6,$56.7,,$51.7
4/1/2005,,4/1/2005,$7.6,$53.2,$57.3,,$49.7
5/1/2005,,5/1/2005,$5.3,$49.9,$52.1,,$46.8
6/1/2005,,6/1/2005,$8.0,$56.4,$60.5,,$52.5
7/1/2005,,7/1/2005,$4.6,$59.0,$61.3,,$56.7
8/1/2005,,8/1/2005,$9.0,$65.0,$69.8,,$60.9
9/1/2005,,9/1/2005,$6.5,$65.6,$69.5,,$63.0
10/1/2005,,10/1/2005,$5.7,$62.3,$65.5,,$59.8
11/1/2005,,11/1/2005,$5.6,$58.3,$61.8,,$56.1
12/1/2005,,12/1/2005,$4.0,$59.4,$61.4,,$57.3
1/1/2006,,1/1/2006,$5.6,$65.5,$68.4,,$62.8
2/1/2006,,2/1/2006,$8.9,$61.9,$66.6,,$57.7
3/1/2006,,3/1/2006,$7.2,$63.0,$67.2,,$60.0
4/1/2006,,4/1/2006,$8.9,$70.2,$75.2,,$66.2
5/1/2006,,5/1/2006,$6.1,$71.0,$74.6,,$68.5
6/1/2006,,6/1/2006,$5.4,$71.0,$73.9,,$68.6
7/1/2006,,7/1/2006,$4.4,$74.5,$77.0,,$72.7
8/1/2006,,8/1/2006,$7.3,$73.1,$77.0,,$69.7
9/1/2006,,9/1/2006,$8.7,$63.9,$69.2,,$60.5
10/1/2006,,10/1/2006,$4.6,$59.1,$61.4,,$56.8
11/1/2006,,11/1/2006,$7.3,$59.4,$63.1,,$55.8
12/1/2006,,12/1/2006,$3.4,$62.1,$63.7,,$60.3
1/1/2007,,1/1/2007,$10.6,$54.7,$61.1,,$50.5
2/1/2007,,2/1/2007,$4.5,$59.4,$61.8,,$57.3
3/1/2007,,3/1/2007,$9.4,$60.7,$66.0,,$56.6
4/1/2007,,4/1/2007,$5.0,$64.0,$66.5,,$61.5
5/1/2007,,5/1/2007,$4.8,$63.5,$66.3,,$61.5
6/1/2007,,6/1/2007,$5.9,$67.5,$70.7,,$64.8
7/1/2007,,7/1/2007,$7.1,$74.2,$78.2,,$71.1
8/1/2007,,8/1/2007,$7.6,$72.4,$76.9,,$69.3
9/1/2007,,9/1/2007,$8.2,$79.6,$83.3,,$75.1
10/1/2007,,10/1/2007,$15.5,$85.7,$94.5,,$79.0
11/1/2007,,11/1/2007,$9.5,$94.6,$98.2,,$88.7
12/1/2007,,12/1/2007,$9.1,$91.7,$96.6,,$87.5
1/1/2008,,1/1/2008,$12.6,$92.9,$99.6,,$87.0
2/1/2008,,2/1/2008,$15.5,$95.3,$102.6,,$87.1
3/1/2008,,3/1/2008,$10.8,$105.4,$110.3,,$99.5
4/1/2008,,4/1/2008,$18.4,$112.5,$119.4,,$101.0
5/1/2008,,5/1/2008,$20.7,$125.5,$133.2,,$112.5
6/1/2008,,6/1/2008,$17.9,$134.0,$140.2,,$122.3
7/1/2008,,7/1/2008,$23.1,$133.5,$145.3,,$122.2
8/1/2008,,8/1/2008,$12.2,$116.7,$125.1,,$112.9
9/1/2008,,9/1/2008,$29.8,$103.8,$120.9,,$91.2
10/1/2008,,10/1/2008,$35.8,$76.7,$98.5,,$62.7
11/1/2008,,11/1/2008,$20.9,$57.4,$70.5,,$49.6
12/1/2008,,12/1/2008,$15.4,$42.0,$49.3,,$33.9
1/1/2009,,1/1/2009,$13.4,$41.9,$48.8,,$35.4
2/1/2009,,2/1/2009,$11.2,$39.3,$45.2,,$34.0
3/1/2009,,3/1/2009,$14.2,$48.1,$54.3,,$40.2
4/1/2009,,4/1/2009,$6.8,$49.9,$52.6,,$45.9
5/1/2009,,5/1/2009,$13.1,$59.2,$66.3,,$53.2
6/1/2009,,6/1/2009,$6.6,$69.7,$72.7,,$66.1
7/1/2009,,7/1/2009,$9.9,$64.3,$69.5,,$59.5
8/1/2009,,8/1/2009,$7.6,$71.1,$74.4,,$66.8
9/1/2009,,9/1/2009,$6.6,$69.5,$72.5,,$65.9
10/1/2009,,10/1/2009,$11.8,$75.8,$81.4,,$69.6
11/1/2009,,11/1/2009,$4.4,$78.1,$80.4,,$76.0
12/1/2009,,12/1/2009,$9.8,$74.6,$79.4,,$69.5
1/1/2010,,1/1/2010,$10.3,$78.4,$83.2,,$72.9
2/1/2010,,2/1/2010,$9.0,$76.5,$80.2,,$71.2
3/1/2010,,3/1/2010,$5.1,$81.3,$83.8,,$78.7
4/1/2010,,4/1/2010,$5.4,$84.6,$86.8,,$81.5
5/1/2010,,5/1/2010,$18.2,$74.1,$86.2,,$68.0
6/1/2010,,6/1/2010,$7.4,$75.4,$78.9,,$71.4
7/1/2010,,7/1/2010,$7.3,$76.4,$79.3,,$72.0
8/1/2010,,8/1/2010,$10.9,$76.7,$82.6,,$71.6
9/1/2010,,9/1/2010,$6.5,$75.5,$80.0,,$73.5
10/1/2010,,10/1/2010,$3.7,$82.0,$83.2,,$79.5
11/1/2010,,11/1/2010,$7.4,$84.3,$87.8,,$80.4
12/1/2010,,12/1/2010,$4.8,$89.2,$91.5,,$86.8
1/1/2011,,1/1/2011,$6.6,$89.6,$92.2,,$85.6
2/1/2011,,2/1/2011,$13.8,$89.7,$98.1,,$84.3
3/1/2011,,3/1/2011,$9.5,$103.0,$106.7,,$97.2
4/1/2011,,4/1/2011,$7.7,$110.0,$113.9,,$106.3
5/1/2011,,5/1/2011,$16.6,$101.4,$113.5,,$96.9
6/1/2011,,6/1/2011,$11.3,$96.3,$101.9,,$90.6
7/1/2011,,7/1/2011,$4.9,$97.3,$99.9,,$94.9
8/1/2011,,8/1/2011,$15.6,$86.3,$94.9,,$79.3
9/1/2011,,9/1/2011,$11.0,$85.6,$90.2,,$79.2
10/1/2011,,10/1/2011,$18.3,$86.4,$94.0,,$75.7
11/1/2011,,11/1/2011,$10.4,$97.2,$102.6,,$92.2
12/1/2011,,12/1/2011,$7.8,$98.6,$101.3,,$93.5
1/1/2012,,1/1/2012,$4.8,$100.3,$103.2,,$98.5
2/1/2012,,2/1/2012,$13.4,$102.3,$109.8,,$96.4
3/1/2012,,3/1/2012,$6.1,$106.2,$108.8,,$102.8
4/1/2012,,4/1/2012,$4.2,$103.3,$105.2,,$101.0
5/1/2012,,5/1/2012,$19.6,$94.7,$106.2,,$86.5
6/1/2012,,6/1/2012,$7.3,$82.4,$85.0,,$77.7
7/1/2012,,7/1/2012,$8.9,$87.9,$92.7,,$83.8
8/1/2012,,8/1/2012,$10.1,$94.2,$97.3,,$87.1
9/1/2012,,9/1/2012,$9.0,$94.6,$99.0,,$90.0
10/1/2012,,10/1/2012,$6.9,$89.6,$92.5,,$85.5
11/1/2012,,11/1/2012,$4.8,$86.7,$89.3,,$84.4
12/1/2012,,12/1/2012,$6.3,$88.2,$91.8,,$85.6
1/1/2013,,1/1/2013,$5.0,$94.8,$97.9,,$92.9
2/1/2013,,2/1/2013,$5.7,$95.3,$97.8,,$92.1
3/1/2013,,3/1/2013,$7.1,$93.0,$97.2,,$90.1
4/1/2013,,4/1/2013,$10.5,$92.1,$97.2,,$86.7
5/1/2013,,5/1/2013,$5.7,$94.8,$96.7,,$91.0
6/1/2013,,6/1/2013,$5.1,$95.8,$98.4,,$93.3
7/1/2013,,7/1/2013,$10.1,$104.6,$108.1,,$98.0
8/1/2013,,8/1/2013,$6.7,$106.5,$110.1,,$103.4
9/1/2013,,9/1/2013,$8.2,$106.3,$110.5,,$102.3
10/1/2013,,10/1/2013,$7.7,$100.6,$104.1,,$96.4
11/1/2013,,11/1/2013,$3.2,$93.9,$95.4,,$92.3
12/1/2013,,12/1/2013,$6.5,$97.9,$100.3,,$93.8
1/1/2014,,1/1/2014,$7.0,$95.0,$98.7,,$91.7
2/1/2014,,2/1/2014,$6.9,$100.7,$103.3,,$96.4
3/1/2014,,3/1/2014,$6.9,$100.5,$104.9,,$98.0
4/1/2014,,4/1/2014,$4.8,$102.0,$104.4,,$99.6
5/1/2014,,5/1/2014,$4.9,$101.9,$104.4,,$99.4
6/1/2014,,6/1/2014,$4.8,$105.1,$107.3,,$102.5
7/1/2014,,7/1/2014,$7.2,$102.5,$105.3,,$98.2
8/1/2014,,8/1/2014,$4.9,$96.1,$98.3,,$93.4
9/1/2014,,9/1/2014,$4.7,$93.2,$95.8,,$91.2
10/1/2014,,10/1/2014,$10.5,$84.3,$91.0,,$80.5
11/1/2014,,11/1/2014,$12.6,$75.4,$78.8,,$66.2
12/1/2014,,12/1/2014,$15.7,$59.1,$69.0,,$53.3
1/1/2015,,1/1/2015,$10.1,$47.7,$54.6,,$44.5
2/1/2015,,2/1/2015,$5.9,$51.0,$54.1,,$48.2
3/1/2015,,3/1/2015,$8.1,$47.9,$51.5,,$43.5
4/1/2015,,4/1/2015,$10.5,$54.4,$59.6,,$49.1
5/1/2015,,5/1/2015,$3.7,$59.4,$60.9,,$57.3
6/1/2015,,6/1/2015,$3.4,$59.8,$61.4,,$58.0
7/1/2015,,7/1/2015,$9.8,$51.1,$57.0,,$47.1
8/1/2015,,8/1/2015,$11.0,$42.9,$49.2,,$38.2
9/1/2015,,9/1/2015,$3.2,$45.4,$47.2,,$44.0
10/1/2015,,10/1/2015,$6.4,$46.3,$49.6,,$43.2
11/1/2015,,11/1/2015,$7.5,$42.9,$47.9,,$40.4
12/1/2015,,12/1/2015,$7.1,$37.3,$41.9,,$34.7
1/1/2016,,1/1/2016,$10.2,$31.6,$36.8,,$26.6
2/1/2016,,2/1/2016,$7.5,$30.5,$33.8,,$26.2
3/1/2016,,3/1/2016,$7.1,$38.0,$41.5,,$34.4
4/1/2016,,4/1/2016,$10.3,$41.1,$46.0,,$35.7
5/1/2016,,5/1/2016,$6.1,$47.0,$49.6,,$43.4
6/1/2016,,6/1/2016,$5.0,$48.9,$51.2,,$46.2
7/1/2016,,7/1/2016,$7.9,$45.2,$49.0,,$41.1
8/1/2016,,8/1/2016,$9.0,$44.8,$48.5,,$39.5
9/1/2016,,9/1/2016,$5.2,$45.2,$48.2,,$43.0
10/1/2016,,10/1/2016,$4.7,$49.9,$51.6,,$46.9
11/1/2016,,11/1/2016,$6.1,$45.9,$49.4,,$43.3
12/1/2016,,12/1/2016,$4.3,$52.2,$54.1,,$49.8
1/1/2017,,1/1/2017,$3.2,$52.7,$54.0,,$50.8
2/1/2017,,2/1/2017,$2.3,$53.5,$54.5,,$52.2
3/1/2017,,3/1/2017,$6.5,$49.7,$53.8,,$47.3
4/1/2017,,4/1/2017,$4.4,$51.1,$53.4,,$49.0
5/1/2017,,5/1/2017,$6.0,$48.7,$51.5,,$45.5
6/1/2017,,6/1/2017,$5.8,$45.2,$48.4,,$42.5
7/1/2017,,7/1/2017,$5.9,$46.7,$50.2,,$44.2
8/1/2017,,8/1/2017,$3.6,$48.1,$49.6,,$46.0
9/1/2017,,9/1/2017,$4.9,$49.6,$52.2,,$47.3
10/1/2017,,10/1/2017,$5.1,$51.6,$54.4,,$49.3
11/1/2017,,11/1/2017,$4.7,$56.7,$59.0,,$54.3
12/1/2017,,12/1/2017,$4.5,$58.0,$60.4,,$56.0
1/1/2018,,1/1/2018,$5.9,$63.6,$66.1,,$60.2
2/1/2018,,2/1/2018,$6.6,$62.2,$65.8,,$59.2
3/1/2018,,3/1/2018,$5.8,$62.8,$65.9,,$60.1
4/1/2018,,4/1/2018,$6.6,$66.3,$68.6,,$62.1
5/1/2018,,5/1/2018,$5.5,$69.8,$72.2,,$66.7
6/1/2018,,6/1/2018,$9.4,$67.3,$74.2,,$64.7
7/1/2018,,7/1/2018,$6.3,$70.7,$74.1,,$67.9
8/1/2018,,8/1/2018,$5.2,$67.8,$70.3,,$65.0
9/1/2018,,9/1/2018,$5.7,$70.1,$73.3,,$67.5
10/1/2018,,10/1/2018,$11.1,$70.8,$76.4,,$65.3
11/1/2018,,11/1/2018,$13.4,$56.6,$63.7,,$50.3
12/1/2018,,12/1/2018,$10.7,$48.7,$53.3,,$42.5
1/1/2019,,1/1/2019,$8.4,$51.5,$54.2,,$45.9
2/1/2019,,2/1/2019,$4.9,$55.1,$57.3,,$52.4
3/1/2019,,3/1/2019,$4.3,$58.2,$60.1,,$55.8
4/1/2019,,4/1/2019,$4.7,$63.9,$66.3,,$61.6
5/1/2019,,5/1/2019,$10.1,$60.7,$63.6,,$53.5
6/1/2019,,6/1/2019,$8.3,$54.7,$59.4,,$51.1
7/1/2019,,7/1/2019,$5.1,$57.5,$60.4,,$55.3
8/1/2019,,8/1/2019,$6.0,$54.8,$57.1,,$51.1
9/1/2019,,9/1/2019,$9.0,$56.8,$62.9,,$53.9
10/1/2019,,10/1/2019,$4.2,$54.0,$56.7,,$52.5
11/1/2019,,11/1/2019,$3.4,$57.1,$58.6,,$55.2
12/1/2019,,12/1/2019,$5.8,$59.9,$61.7,,$56.0
1/1/2020,,1/1/2020,$11.7,$57.8,$63.3,,$51.6
2/1/2020,,2/1/2020,$9.0,$50.7,$53.8,,$44.8
3/1/2020,,3/1/2020,$27.1,$30.4,$47.2,,$20.1
4/1/2020,,4/1/2020,$66.0,$16.7,$28.3,,($37.6)
5/1/2020,,5/1/2020,$13.9,$26.2,$33.7,,$19.8
